candidate,issuer_cik,accession_number,form,filed_date,rule_provision,read_from
T000001,0000002178,0001143313-25-000006,25-NSE,2025-02-05,(a)(3),2024-10-08
T000002,0000004447,0000876661-25-000523,25-NSE,2025-07-18,(a)(3),2025-03-20
T000003,0000007332,0000876661-24-000892,25-NSE,2024-10-01,(a)(3),2024-06-03
T000004,0000008146,0001354457-26-000831,25-NSE,2026-08-27,(a)(3),2026-04-29
T000005,0000009984,0000876661-25-000052,25-NSE,2025-01-27,(a)(3),2024-09-29
T000006,0000020520,0001354457-26-000054,25-NSE,2026-01-20,(a)(3),2025-09-22
T000007,0000029332,0001354457-25-000093,25-NSE,2025-02-12,(b),2024-10-15
T000008,0000030125,0000876661-25-000071,25-NSE,2025-02-07,(a)(3),2024-10-10
T000009,0000034088,0000876661-26-000593,25-NSE,2026-07-02,(a)(3),2026-03-04
T000010,0000034563,0001354457-26-000407,25-NSE,2026-05-05,(a)(3),2026-01-05
T000011,0000039899,0000876661-26-000273,25-NSE,2026-03-20,(a)(3),2025-11-20
T000012,0000045876,0000876661-26-000489,25-NSE,2026-06-01,(a)(3),2026-02-01
T000013,0000051644,0000876661-25-000918,25-NSE,2025-11-28,(a)(3),2025-07-31
T000014,0000058492,0000876661-26-000712,25-NSE,2026-08-27,(a)(3),2026-04-29
T000015,0000059440,0000876661-24-000921,25-NSE,2024-10-07,(a)(3),2024-06-09
T000016,0000061398,0001143313-24-000096,25-NSE,2024-10-09,(a)(3),2024-06-11
T000017,0000066756,0000876661-25-000967,25-NSE,2025-12-15,(a)(3),2025-08-17
T000018,0000072333,0000876661-25-000369,25-NSE,2025-05-21,(a)(3),2025-01-21
T000019,0000072444,0001354457-25-001171,25-NSE,2025-11-21,(b),2025-07-24
T000020,0000089140,0001143313-25-000040,25-NSE,2025-07-01,(a)(3),2025-03-03
T000021,0000095552,0000876661-25-000464,25-NSE,2025-06-25,(b),2025-02-25
T000022,0000096793,0001143313-25-000057,25-NSE,2025-08-15,(a)(3),2025-04-17
T000023,0000101778,0000876661-24-001100,25-NSE,2024-11-22,(a)(3),2024-07-25
T000024,0000105319,0001354457-25-000613,25-NSE,2025-07-03,(a)(3),2025-03-05
T000025,0000315131,0000876661-25-000459,25-NSE,2025-06-23,(a)(3),2025-02-23
T000026,0000315131,0000876661-25-000460,25-NSE,2025-06-23,(a)(3),2025-02-23
T000027,0000319458,0001143313-24-000115,25-NSE,2024-11-19,(b),2024-07-22
T000028,0000320340,0000876661-25-000817,25-NSE,2025-10-31,(a)(3),2025-07-03
T000029,0000350868,0001354457-24-000843,25-NSE,2024-11-01,(a)(3),2024-07-04
T000030,0000351789,0001354457-26-000746,25-NSE,2026-07-31,(a)(3),2026-04-02
T000031,0000351834,0001354457-26-000399,25-NSE,2026-05-01,(a)(3),2026-01-01
T000032,0000355019,0001354457-26-000523,25-NSE,2026-06-03,(a)(3),2026-02-03
T000033,0000701288,0001354457-24-000584,25-NSE,2024-08-21,(a)(3),2024-04-23
T000034,0000704562,0001354457-25-000070,25-NSE,2025-02-05,(a)(3),2024-10-08
T000035,0000712515,0001354457-26-000757,25-NSE,2026-08-04,(a)(3),2026-04-06
T000036,0000713425,0001354457-25-000287,25-NSE,2025-04-04,(a)(3),2024-12-05
T000037,0000716605,0001354457-25-000741,25-NSE,2025-07-28,(a)(3),2025-03-30
T000038,0000720154,0001354457-26-000660,25-NSE,2026-07-10,(b),2026-03-12
T000039,0000721693,0001354457-26-000967,25-NSE,2026-10-08,(b),2026-06-10
T000040,0000724742,0001143313-24-000082,25-NSE,2024-08-09,(b),2024-04-11
T000041,0000727207,0001354457-25-000703,25-NSE,2025-07-21,(b),2025-03-23
T000042,0000740663,0001354457-25-000480,25-NSE,2025-06-02,(a)(3),2025-02-02
T000043,0000740971,0001354457-25-000862,25-NSE,2025-09-02,(a)(3),2025-05-05
T000044,0000743238,0001354457-25-000605,25-NSE,2025-07-01,(a)(3),2025-03-03
T000045,0000749660,0001354457-25-000684,25-NSE,2025-07-17,(a)(3),2025-03-19
T000046,0000764195,0001354457-24-000661,25-NSE,2024-09-06,(b),2024-05-09
T000047,0000768835,0000876661-24-000843,25-NSE,2024-09-10,(b),2024-05-13
T000048,0000791908,0001354457-26-000691,25-NSE,2026-07-14,(a)(3),2026-03-16
T000049,0000794619,0001354457-26-000504,25-NSE,2026-05-28,(a)(3),2026-01-28
T000050,0000800166,0001143313-26-000018,25-NSE,2026-03-20,(a)(3),2025-11-20
T000051,0000800240,0001354457-25-001240,25-NSE,2025-12-10,(a)(3),2025-08-12
T000052,0000807707,0001354457-25-000266,25-NSE,2025-04-01,(a)(3),2024-12-02
T000053,0000808326,0001354457-25-000150,25-NSE,2025-02-28,(a)(3),2024-10-31
T000054,0000809844,0000876661-26-000512,25-NSE,2026-06-08,(a)(3),2026-02-08
T000055,0000811240,0001354457-24-000647,25-NSE,2024-09-06,(b),2024-05-09
T000056,0000813828,0001354457-25-000781,25-NSE,2025-08-07,(a)(3),2025-04-09
T000057,0000824410,0001354457-25-000262,25-NSE,2025-03-31,(a)(3),2024-12-01
T000058,0000825345,0000876661-25-000250,25-NSE,2025-04-01,(a)(3),2024-12-02
T000059,0000827187,0001354457-26-000682,25-NSE,2026-07-14,(b),2026-03-16
T000060,0000833021,0000876661-26-000546,25-NSE,2026-06-22,(a)(3),2026-02-22
T000061,0000834365,0001354457-26-000952,25-NSE,2026-10-06,(a)(3),2026-06-08
T000062,0000835948,0000876661-26-000156,25-NSE,2026-02-23,(a)(3),2025-10-26
T000063,0000836147,0001354457-26-000225,25-NSE,2026-03-02,(a)(3),2025-11-02
T000064,0000837852,0001354457-24-000652,25-NSE,2024-09-06,(b),2024-05-09
T000065,0000839122,0001143313-25-000038,25-NSE,2025-06-23,(a)(3),2025-02-23
T000066,0000842518,0001143313-25-000023,25-NSE,2025-05-05,(a)(3),2025-01-05
T000067,0000845379,0000876661-25-000824,25-NSE,2025-10-31,(a)(3),2025-07-03
T000068,0000845606,0000876661-26-000510,25-NSE,2026-06-08,(a)(3),2026-02-08
T000069,0000846475,0001354457-26-000080,25-NSE,2026-01-23,(b),2025-09-25
T000070,0000846475,0001354457-26-000081,25-NSE/A,2026-01-23,(b),2025-09-25
T000071,0000846596,0000876661-24-001088,25-NSE,2024-11-20,(a)(3),2024-07-23
T000072,0000847411,0000876661-26-000514,25-NSE,2026-06-08,(a)(3),2026-02-08
T000073,0000850209,0000876661-25-000643,25-NSE,2025-09-08,(a)(3),2025-05-11
T000074,0000851170,0000876661-26-000548,25-NSE,2026-06-22,(a)(3),2026-02-22
T000075,0000852772,0001354457-26-000051,25-NSE,2026-01-16,(a)(3),2025-09-18
T000076,0000857949,0000876661-25-000805,25-NSE,2025-10-27,(b),2025-06-29
T000077,0000858470,0000876661-26-000399,25-NSE,2026-05-07,(a)(3),2026-01-07
T000078,0000858655,0001354457-24-000884,25-NSE,2024-11-21,(a)(3),2024-07-24
T000079,0000859737,0001354457-26-000329,25-NSE,2026-04-07,(a)(3),2025-12-08
T000080,0000861878,0001354457-24-000847,25-NSE,2024-11-04,(a)(3),2024-07-07
T000081,0000866095,0000876661-25-000761,25-NSE,2025-10-14,(a)(3),2025-06-16
T000082,0000867773,0001354457-24-000708,25-NSE,2024-09-20,(b),2024-05-23
T000083,0000868278,0001354457-26-000084,25-NSE,2026-01-23,(b),2025-09-25
T000084,0000870780,0000876661-26-000363,25-NSE,2026-04-27,(a)(3),2025-12-28
T000085,0000876378,0001143313-24-000087,25-NSE,2024-08-22,(a)(3),2024-04-24
T000086,0000876717,0001143313-26-000027,25-NSE,2026-05-18,(a)(3),2026-01-18
T000087,0000876779,0001354457-26-000210,25-NSE,2026-02-24,(a)(3),2025-10-27
T000088,0000877422,0001354457-25-000931,25-NSE,2025-09-22,(a)(3),2025-05-25
T000089,0000879361,0000876661-26-000152,25-NSE,2026-02-23,(a)(3),2025-10-26
T000090,0000882361,0001354457-25-000704,25-NSE,2025-07-21,(b),2025-03-23
T000091,0000884713,0000876661-24-001059,25-NSE,2024-11-12,(a)(3),2024-07-15
T000092,0000885731,0000876661-26-000038,25-NSE,2026-01-12,(a)(3),2025-09-14
T000093,0000885732,0000876661-26-000040,25-NSE,2026-01-12,(a)(3),2025-09-14
T000094,0000885740,0001354457-25-001277,25-NSE,2025-12-17,(a)(3),2025-08-19
T000095,0000887394,0000876661-26-000154,25-NSE,2026-02-23,(a)(3),2025-10-26
T000096,0000890447,0001354457-25-000050,25-NSE,2025-01-29,(b),2024-10-01
T000097,0000891024,0001354457-25-000337,25-NSE,2025-04-17,(a)(3),2024-12-18
T000098,0000892553,0000876661-26-000623,25-NSE,2026-07-16,(a)(3),2026-03-18
T000099,0000894081,0001354457-25-000328,25-NSE,2025-04-11,(a)(3),2024-12-12
T000100,0000894242,0000876661-26-000150,25-NSE,2026-02-23,(a)(3),2025-10-26
T000101,0000895419,0000876661-25-000713,25-NSE,2025-09-29,(a)(3),2025-06-01
T000102,0000895574,0001143313-26-000039,25-NSE,2026-07-13,(a)(3),2026-03-15
T000103,0000896262,0001354457-25-000816,25-NSE,2025-08-14,(a)(3),2025-04-16
T000104,0000896262,0001354457-25-000817,25-NSE,2025-08-14,(a)(3),2025-04-16
T000105,0000896429,0001354457-26-000420,25-NSE,2026-05-08,(a)(3),2026-01-08
T000106,0000897269,0000876661-26-000148,25-NSE,2026-02-23,(a)(3),2025-10-26
T000107,0000899782,0000876661-26-000365,25-NSE,2026-04-27,(a)(3),2025-12-28
T000108,0000909108,0001354457-26-000360,25-NSE,2026-04-22,(a)(3),2025-12-23
T000109,0000910267,0001354457-25-000977,25-NSE,2025-10-02,(a)(3),2025-06-04
T000110,0000912463,0000876661-26-000060,25-NSE,2026-01-23,(a)(3),2025-09-25
T000111,0000912603,0001354457-25-000635,25-NSE,2025-07-10,(a)(3),2025-03-12
T000112,0000914712,0001354457-25-000006,25-NSE,2025-01-02,(a)(3),2024-09-04
T000113,0000915358,0001354457-25-000742,25-NSE,2025-07-28,(a)(3),2025-03-30
T000114,0000915912,0000876661-26-000689,25-NSE,2026-08-17,(a)(3),2026-04-19
T000115,0000916490,0001143362-25-000329,25-NSE,2025-10-06,(a)(3),2025-06-08
T000116,0000917470,0001354457-26-000183,25-NSE,2026-02-13,(a)(3),2025-10-16
T000117,0000917491,0001354457-25-000699,25-NSE,2025-07-21,(a)(3),2025-03-23
T000118,0000921183,0001354457-24-000753,25-NSE,2024-10-10,(a)(3),2024-06-12
T000119,0000923139,0001354457-26-000513,25-NSE,2026-06-01,(a)(3),2026-02-01
T000120,0000924717,0001354457-25-001154,25-NSE,2025-11-19,(a)(3),2025-07-22
T000121,0000924901,0000876661-26-000458,25-NSE,2026-05-27,(a)(3),2026-01-27
T000122,0000929351,0000876661-25-000296,25-NSE,2025-05-07,(a)(3),2025-01-07
T000123,0000931584,0001354457-25-000037,25-NSE,2025-01-23,(a)(3),2024-09-25
T000124,0000933136,0001354457-25-000970,25-NSE,2025-10-01,(a)(3),2025-06-03
T000125,0000933738,0001354457-25-000490,25-NSE,2025-06-04,(b),2025-02-04
T000126,0000937556,0001354457-26-000556,25-NSE,2026-06-10,(a)(3),2026-02-10
T000127,0000944480,0001354457-24-000842,25-NSE,2024-11-01,(a)(3),2024-07-04
T000128,0000946647,0001354457-25-000152,25-NSE,2025-03-03,(a)(3),2024-11-03
T000129,0000947559,0000876661-25-000246,25-NSE,2025-04-01,(a)(3),2024-12-02
T000130,0000949039,0000876661-24-000811,25-NSE,2024-09-04,(a)(3),2024-05-07
T000131,0001001233,0001354457-26-000959,25-NSE,2026-10-07,(b),2026-06-09
T000132,0001001902,0001354457-25-000257,25-NSE,2025-03-31,(a)(3),2024-12-01
T000133,0001004989,0001354457-26-000934,25-NSE,2026-10-01,(b),2026-06-03
T000134,0001005201,0001354457-26-000582,25-NSE,2026-06-16,(a)(3),2026-02-16
T000135,0001005757,0001354457-26-000450,25-NSE,2026-05-14,(a)(3),2026-01-14
T000136,0001005757,0001354457-26-000465,25-NSE/A,2026-05-15,(a)(3),2026-01-15
T000137,0001008586,0001354457-25-000807,25-NSE,2025-08-12,(a)(3),2025-04-14
T000138,0001008654,0000876661-24-000918,25-NSE,2024-10-04,(b),2024-06-06
T000139,0001011509,0000876661-24-001175,25-NSE,2024-12-16,(b),2024-08-18
T000140,0001012100,0000876661-26-000345,25-NSE,2026-04-09,(a)(3),2025-12-10
T000141,0001012477,0001354457-26-000172,25-NSE,2026-02-12,(a)(3),2025-10-15
T000142,0001013462,0001354457-25-000689,25-NSE,2025-07-17,(a)(3),2025-03-19
T000143,0001015820,0000876661-26-000016,25-NSE,2026-01-08,(a)(3),2025-09-10
T000144,0001015820,0000876661-26-000033,25-NSE/A,2026-01-09,(a)(3),2025-09-11
T000145,0001017491,0001354457-25-000282,25-NSE,2025-04-04,(b),2024-12-05
T000146,0001018399,0001354457-25-000601,25-NSE,2025-07-01,(a)(3),2025-03-03
T000147,0001021162,0000876661-25-000530,25-NSE,2025-07-25,(a)(3),2025-03-27
T000148,0001023459,0001354457-26-000953,25-NSE,2026-10-06,(a)(3),2026-06-08
T000149,0001028918,0001354457-25-000860,25-NSE,2025-09-02,(a)(3),2025-05-05
T000150,0001029142,0001354457-26-000154,25-NSE,2026-02-10,(a)(3),2025-10-13
T000151,0001029145,0001354457-25-000829,25-NSE,2025-08-20,(a)(3),2025-04-22
T000152,0001031623,0001354457-26-000053,25-NSE,2026-01-16,(a)(3),2025-09-18
T000153,0001037676,0000876661-25-000024,25-NSE,2025-01-14,(a)(3),2024-09-16
T000154,0001038186,0000876661-26-000101,25-NSE,2026-02-09,(a)(3),2025-10-12
T000155,0001039684,0000876661-26-000770,25-NSE,2026-09-18,(a)(3),2026-05-21
T000156,0001043604,0000876661-25-000489,25-NSE,2025-07-02,(a)(3),2025-03-04
T000157,0001049782,0001354457-25-000861,25-NSE,2025-09-02,(a)(3),2025-05-05
T000158,0001050825,0000876661-25-000952,25-NSE,2025-12-10,(a)(3),2025-08-12
T000159,0001053352,0001354457-26-000355,25-NSE,2026-04-20,(a)(3),2025-12-21
T000160,0001053584,0001354457-24-000547,25-NSE,2024-08-01,(a)(3),2024-04-03
T000161,0001056285,0001354457-26-000324,25-NSE,2026-04-02,(a)(3),2025-12-03
T000162,0001058623,0001354457-25-000698,25-NSE,2025-07-21,(b),2025-03-23
T000163,0001058867,0000876661-25-000730,25-NSE,2025-10-01,(a)(3),2025-06-03
T000164,0001061027,0001354457-25-000630,25-NSE,2025-07-10,(b),2025-03-12
T000165,0001065837,0000876661-25-000654,25-NSE,2025-09-12,(a)(3),2025-05-15
T000166,0001066605,0001354457-25-001242,25-NSE,2025-12-10,(a)(3),2025-08-12
T000167,0001071255,0001354457-26-000392,25-NSE,2026-04-30,(a)(3),2025-12-31
T000168,0001071899,0000876661-26-000112,25-NSE,2026-02-09,(a)(3),2025-10-12
T000169,0001082038,0001354457-25-000885,25-NSE,2025-09-11,(a)(3),2025-05-14
T000170,0001085869,0001354457-24-000739,25-NSE,2024-10-02,(a)(3),2024-06-04
T000171,0001087786,0000876661-26-000361,25-NSE,2026-04-27,(a)(3),2025-12-28
T000172,0001089907,0001354457-26-000325,25-NSE,2026-04-06,(a)(3),2025-12-07
T000173,0001101680,0001354457-24-000787,25-NSE,2024-10-15,(b),2024-06-17
T000174,0001102993,0001354457-26-000857,25-NSE,2026-09-04,(a)(3),2026-05-07
T000175,0001106838,0001354457-25-001201,25-NSE,2025-12-02,(a)(3),2025-08-04
T000176,0001110611,0000876661-26-000313,25-NSE,2026-04-01,(a)(3),2025-12-02
T000177,0001115055,0001354457-26-000004,25-NSE/A,2026-01-05,(a)(3),2025-09-07
T000178,0001117480,0001354457-25-000340,25-NSE,2025-04-21,(a)(3),2024-12-22
T000179,0001124140,0001354457-26-000277,25-NSE,2026-03-23,(a)(3),2025-11-23
T000180,0001124941,0001354457-25-000356,25-NSE,2025-04-29,(a)(3),2024-12-30
T000181,0001125259,0000876661-26-000402,25-NSE,2026-05-07,(a)(4),2026-01-07
T000182,0001126234,0001354457-24-000929,25-NSE,2024-12-12,(a)(3),2024-08-14
T000183,0001127703,0000876661-26-000573,25-NSE,2026-06-26,(a)(3),2026-02-26
T000184,0001129155,0000876661-26-000437,25-NSE,2026-05-15,(a)(3),2026-01-15
T000185,0001131554,0001354457-26-000179,25-NSE,2026-02-13,(a)(3),2025-10-16
T000186,0001133470,0001354457-26-000505,25-NSE,2026-05-28,(a)(3),2026-01-28
T000187,0001133818,0001354457-25-000650,25-NSE,2025-07-11,(b),2025-03-13
T000188,0001136174,0001354457-25-000922,25-NSE,2025-09-18,(b),2025-05-21
T000189,0001137390,0000876661-26-000103,25-NSE,2026-02-09,(a)(3),2025-10-12
T000190,0001137391,0000876661-26-000099,25-NSE,2026-02-09,(a)(3),2025-10-12
T000191,0001137393,0000876661-26-000110,25-NSE,2026-02-09,(a)(3),2025-10-12
T000192,0001137547,0001354457-26-000318,25-NSE,2026-04-01,(a)(3),2025-12-02
T000193,0001137883,0001354457-25-001006,25-NSE,2025-10-09,(b),2025-06-11
T000194,0001138639,0001354457-25-000146,25-NSE,2025-02-28,(a)(3),2024-10-31
T000195,0001138639,0001354457-25-000147,25-NSE,2025-02-28,(a)(3),2024-10-31
T000196,0001138978,0001354457-25-000428,25-NSE,2025-05-19,(b),2025-01-19
T000197,0001140392,0000876661-25-000552,25-NSE,2025-08-04,(a)(3),2025-04-06
T000198,0001140410,0000876661-25-000556,25-NSE,2025-08-04,(a)(3),2025-04-06
T000199,0001141103,0001354457-26-000712,25-NSE,2026-07-21,(a)(3),2026-03-23
T000200,0001141284,0001354457-26-000684,25-NSE,2026-07-14,(b),2026-03-16
T000201,0001156388,0001354457-25-000978,25-NSE,2025-10-02,(a)(3),2025-06-04
T000202,0001159167,0001354457-26-000045,25-NSE,2026-01-15,(b),2025-09-17
T000203,0001160791,0001143313-26-000042,25-NSE,2026-07-20,(a)(3),2026-03-22
T000204,0001162461,0001354457-25-000682,25-NSE,2025-07-16,(b),2025-03-18
T000205,0001163302,0000876661-25-000453,25-NSE,2025-06-18,(a)(3),2025-02-18
T000206,0001163302,0000876882-25-000016,25-NSE,2025-06-18,(a)(3),2025-02-18
T000207,0001166258,0000876661-25-000724,25-NSE,2025-09-30,(a)(3),2025-06-02
T000208,0001166388,0001354457-25-001189,25-NSE,2025-11-26,(a)(3),2025-07-29
T000209,0001169445,0001354457-26-000655,25-NSE,2026-07-09,(a)(3),2026-03-11
T000210,0001170300,0000876661-25-000560,25-NSE,2025-08-04,(a)(3),2025-04-06
T000211,0001172222,0001354457-24-000688,25-NSE,2024-09-18,(a)(3),2024-05-21
T000212,0001175535,0000876661-26-000617,25-NSE,2026-07-14,(a)(3),2026-03-16
T000213,0001176194,0000876661-26-000106,25-NSE,2026-02-09,(a)(3),2025-10-12
T000214,0001177161,0001143313-25-000076,25-NSE,2025-10-27,(a)(3),2025-06-29
T000215,0001177162,0001143313-25-000078,25-NSE,2025-10-27,(a)(3),2025-06-29
T000216,0001178879,0001354457-26-000371,25-NSE,2026-04-27,(a)(3),2025-12-28
T000217,0001181187,0000876661-26-000108,25-NSE,2026-02-09,(a)(3),2025-10-12
T000218,0001181504,0000876661-25-000562,25-NSE,2025-08-04,(a)(3),2025-04-06
T000219,0001181505,0000876661-25-000558,25-NSE,2025-08-04,(a)(3),2025-04-06
T000220,0001181506,0000876661-25-000554,25-NSE,2025-08-04,(a)(3),2025-04-06
T000221,0001183765,0001354457-25-000447,25-NSE,2025-05-22,(b),2025-01-22
T000222,0001195734,0001354457-25-001054,25-NSE,2025-10-23,(a)(3),2025-06-25
T000223,0001210618,0001354457-25-000577,25-NSE,2025-06-25,(b),2025-02-25
T000224,0001213660,0001354457-25-000041,25-NSE,2025-01-24,(b),2024-09-26
T000225,0001220754,0001354457-25-000972,25-NSE,2025-10-01,(b),2025-06-03
T000226,0001223026,0000876661-25-000619,25-NSE,2025-08-27,(a)(3),2025-04-29
T000227,0001223389,0001354457-24-000657,25-NSE,2024-09-06,(b),2024-05-09
T000228,0001230992,0001143313-25-000062,25-NSE,2025-09-04,(a)(3),2025-05-07
T000229,0001231346,0000876661-26-000507,25-NSE,2026-06-05,(a)(3),2026-02-05
T000230,0001232860,0000876661-25-000212,25-NSE,2025-03-24,(a)(3),2024-11-24
T000231,0001258943,0000876661-25-000621,25-NSE,2025-08-27,(a)(3),2025-04-29
T000232,0001267395,0000876661-26-000166,25-NSE,2026-02-24,(a)(3),2025-10-27
T000233,0001267602,0001354457-24-000679,25-NSE,2024-09-16,(a)(3),2024-05-19
T000234,0001267813,0001354457-25-000089,25-NSE,2025-02-11,(a)(3),2024-10-14
T000235,0001274173,0000876661-26-000587,25-NSE,2026-07-01,(a)(3),2026-03-03
T000236,0001276469,0000876661-24-000868,25-NSE,2024-09-23,(a)(3),2024-05-26
T000237,0001282850,0000876661-26-000668,25-NSE,2026-08-10,(a)(3),2026-04-12
T000238,0001285786,0001143313-25-000088,25-NSE,2025-11-13,(a)(3),2025-07-16
T000239,0001289636,0001354457-25-000007,25-NSE,2025-01-03,(a)(3),2024-09-05
T000240,0001289850,0001354457-25-000373,25-NSE,2025-05-01,(a)(3),2025-01-01
T000241,0001290476,0001354457-25-000261,25-NSE,2025-03-31,(a)(3),2024-12-01
T000242,0001293282,0001354457-24-000903,25-NSE/A,2024-12-02,(a)(3),2024-08-04
T000243,0001293818,0001354457-25-000794,25-NSE,2025-08-08,(b),2025-04-10
T000244,0001293971,0001354457-25-000482,25-NSE,2025-06-02,(a)(3),2025-02-02
T000245,0001298699,0000876661-26-000296,25-NSE,2026-03-30,(a)(3),2025-11-30
T000246,0001300734,0001354457-25-001165,25-NSE,2025-11-20,(b),2025-07-23
T000247,0001301236,0001354457-26-000174,25-NSE,2026-02-12,(a)(3),2025-10-15
T000248,0001302028,0001354457-25-000002,25-NSE,2025-01-02,(a)(3),2024-09-04
T000249,0001302624,0000876661-24-000870,25-NSE,2024-09-23,(a)(3),2024-05-26
T000250,0001303942,0001354457-26-000002,25-NSE,2026-01-02,(a)(3),2025-09-04
T000251,0001304421,0001354457-24-000967,25-NSE,2024-12-27,(a)(3),2024-08-29
T000252,0001305168,0000876661-24-001102,25-NSE,2024-11-22,(a)(3),2024-07-25
T000253,0001305767,0000876661-25-000763,25-NSE,2025-10-15,(a)(3),2025-06-17
T000254,0001309082,0001143362-24-000256,25-NSE,2024-08-16,(b),2024-04-18
T000255,0001313275,0001354457-25-000069,25-NSE,2025-02-05,(a)(3),2024-10-08
T000256,0001318568,0000876661-25-000476,25-NSE,2025-07-01,(a)(3),2025-03-03
T000257,0001320414,0000876661-26-000585,25-NSE,2026-07-01,(a)(3),2026-03-03
T000258,0001320695,0000876661-26-000121,25-NSE,2026-02-11,(a)(3),2025-10-14
T000259,0001327318,0001354457-26-000067,25-NSE,2026-01-21,(a)(3),2025-09-23
T000260,0001336050,0000876661-25-000216,25-NSE,2025-03-24,(a)(3),2024-11-24
T000261,0001337619,0000876661-24-001106,25-NSE,2024-11-25,(a)(3),2024-07-28
T000262,0001338749,0001354457-26-000123,25-NSE/A,2026-02-02,(a)(3),2025-10-05
T000263,0001339605,0001354457-25-000481,25-NSE,2025-06-02,(a)(3),2025-02-02
T000264,0001343793,0000876661-26-000146,25-NSE,2026-02-23,(a)(3),2025-10-26
T000265,0001347242,0001354457-25-000985,25-NSE,2025-10-06,(b),2025-06-08
T000266,0001348911,0001354457-26-000565,25-NSE,2026-06-11,(a)(3),2026-02-11
T000267,0001356570,0000876661-25-000781,25-NSE,2025-10-17,(a)(3),2025-06-19
T000268,0001359841,0000876661-25-000928,25-NSE,2025-12-01,(a)(3),2025-08-03
T000269,0001363829,0001354457-25-000610,25-NSE,2025-07-02,(a)(3),2025-03-04
T000270,0001364742,0000876661-24-000908,25-NSE,2024-10-02,(a)(3),2024-06-04
T000271,0001364885,0000876661-25-000941,25-NSE,2025-12-08,(a)(3),2025-08-10
T000272,0001366561,0000876661-25-000046,25-NSE,2025-01-22,(a)(3),2024-09-24
T000273,0001369568,0001354457-26-000694,25-NSE,2026-07-15,(a)(3),2026-03-17
T000274,0001372020,0001354457-26-000316,25-NSE,2026-04-01,(a)(3),2025-12-02
T000275,0001378992,0000876661-25-000291,25-NSE,2025-04-30,(a)(3),2024-12-31
T000276,0001381074,0001354457-25-000796,25-NSE,2025-08-08,(b),2025-04-10
T000277,0001382230,0001354457-25-000736,25-NSE,2025-07-24,(a)(3),2025-03-26
T000278,0001382821,0001354457-25-000602,25-NSE,2025-07-01,(a)(3),2025-03-03
T000279,0001385157,0000876661-24-000890,25-NSE,2024-09-30,(a)(3),2024-06-02
T000280,0001388126,0001143313-25-000069,25-NSE,2025-09-30,(a)(3),2025-06-02
T000281,0001389002,0001354457-25-000720,25-NSE,2025-07-21,(b),2025-03-23
T000282,0001391127,0001354457-24-000792,25-NSE,2024-10-15,(b),2024-06-17
T000283,0001392972,0000876661-25-000950,25-NSE,2025-12-09,(a)(3),2025-08-11
T000284,0001392994,0000876661-25-000469,25-NSE,2025-06-30,(a)(3),2025-03-02
T000285,0001393612,0000876661-25-000350,25-NSE,2025-05-19,(a)(3),2025-01-19
T000286,0001396033,0000876661-24-000763,25-NSE,2024-08-14,(b),2024-04-16
T000287,0001397047,0001354457-25-001131,25-NSE,2025-11-14,(b),2025-07-17
T000288,0001397702,0001354457-24-000684,25-NSE,2024-09-17,(a)(3),2024-05-20
T000289,0001398987,0000876661-26-000018,25-NSE,2026-01-09,(a)(3),2025-09-11
T000290,0001403708,0001354457-25-001278,25-NSE,2025-12-17,(a)(3),2025-08-19
T000291,0001407623,0001354457-25-000100,25-NSE,2025-02-12,(a)(3),2024-10-15
T000292,0001408100,0000876661-26-000537,25-NSE,2026-06-16,(a)(3),2026-02-16
T000293,0001408201,0000876661-24-001205,25-NSE,2024-12-23,(a)(3),2024-08-25
T000294,0001412100,0001354457-25-000466,25-NSE,2025-05-28,(a)(3),2025-01-28
T000295,0001412665,0001354457-26-000184,25-NSE,2026-02-13,(a)(3),2025-10-16
T000296,0001413837,0000876661-26-000308,25-NSE,2026-04-01,(a)(3),2025-12-02
T000297,0001413898,0001354457-25-000944,25-NSE,2025-09-24,(a)(3),2025-05-27
T000298,0001417398,0000876661-26-000115,25-NSE,2026-02-10,(a)(3),2025-10-13
T000299,0001419041,0001354457-26-000824,25-NSE,2026-08-27,(a)(3),2026-04-29
T000300,0001423774,0000876661-25-000116,25-NSE,2025-02-14,(a)(3),2024-10-17
T000301,0001424958,0001143362-25-000241,25-NSE,2025-07-30,(a)(3),2025-04-01
T000302,0001424958,0001143362-25-000372,25-NSE,2025-10-30,(a)(3),2025-07-02
T000303,0001429560,0001354457-25-000296,25-NSE,2025-04-08,(b),2024-12-09
T000304,0001431695,0000876661-25-000652,25-NSE,2025-09-12,(a)(3),2025-05-15
T000305,0001431959,0001354457-24-000709,25-NSE,2024-09-20,(b),2024-05-23
T000306,0001434614,0000876661-25-000786,25-NSE,2025-10-20,(a)(3),2025-06-22
T000307,0001434868,0001354457-26-000668,25-NSE,2026-07-13,(a)(3),2026-03-15
T000308,0001435508,0001354457-26-000121,25-NSE,2026-02-02,(a)(3),2025-10-05
T000309,0001437107,0001354457-26-000951,25-NSE,2026-10-06,(a)(3),2026-06-08
T000310,0001439095,0000876661-25-000846,25-NSE,2025-11-06,(a)(3),2025-07-09
T000311,0001442836,0001354457-26-000008,25-NSE,2026-01-06,(a)(3),2025-09-08
T000312,0001443611,0001417835-24-000170,25-NSE,2024-10-22,(b),2024-06-24
T000313,0001444380,0000876661-25-000257,25-NSE,2025-04-03,(a)(3),2024-12-04
T000314,0001445283,0001354457-24-000793,25-NSE,2024-10-15,(b),2024-06-17
T000315,0001447051,0001354457-25-000273,25-NSE,2025-04-02,(a)(3),2024-12-03
T000316,0001454789,0001354457-26-000075,25-NSE,2026-01-23,(a)(3),2025-09-25
T000317,0001454789,0001354457-26-000086,25-NSE/A,2026-01-26,(a)(3),2025-09-28
T000318,0001455684,0001354457-25-000923,25-NSE,2025-09-18,(b),2025-05-21
T000319,0001458412,0001354457-25-000155,25-NSE,2025-03-03,(a)(3),2024-11-03
T000320,0001459417,0001354457-24-000658,25-NSE,2024-09-06,(b),2024-05-09
T000321,0001460602,0001354457-25-000393,25-NSE,2025-05-08,(b),2025-01-08
T000322,0001463361,0001354457-25-000770,25-NSE,2025-08-06,(b),2025-04-08
T000323,0001465740,0000876661-26-000705,25-NSE,2026-08-25,(a)(3),2026-04-27
T000324,0001467761,0001354457-24-000828,25-NSE,2024-10-24,(b),2024-06-26
T000325,0001467761,0001354457-25-000301,25-NSE/A,2025-04-09,(b),2024-12-10
T000326,0001468666,0001354457-25-000059,25-NSE,2025-02-03,(a)(3),2024-10-06
T000327,0001473844,0000876661-26-000583,25-NSE,2026-07-01,(a)(3),2026-03-03
T000328,0001475115,0000876661-26-000219,25-NSE,2026-03-10,(a)(3),2025-11-10
T000329,0001476963,0001143313-25-000021,25-NSE,2025-05-01,(b),2025-01-01
T000330,0001479290,0001354457-25-000073,25-NSE,2025-02-06,(a)(3),2024-10-09
T000331,0001481646,0001354457-25-000298,25-NSE,2025-04-08,(a)(3),2024-12-09
T000332,0001484565,0001354457-26-000469,25-NSE,2026-05-18,(a)(3),2026-01-18
T000333,0001487839,0001354457-25-000701,25-NSE,2025-07-21,(b),2025-03-23
T000334,0001488775,0000876661-24-000837,25-NSE,2024-09-09,(a)(3),2024-05-12
T000335,0001489096,0000876661-26-000492,25-NSE,2026-06-01,(a)(3),2026-02-01
T000336,0001490286,0000876661-24-001199,25-NSE,2024-12-23,(a)(3),2024-08-25
T000337,0001492422,0001354457-26-000449,25-NSE,2026-05-14,(a)(3),2026-01-14
T000338,0001492674,0001354457-25-000634,25-NSE,2025-07-10,(b),2025-03-12
T000339,0001492674,0001354457-25-000637,25-NSE/A,2025-07-10,(b),2025-03-12
T000340,0001493225,0001354457-26-000710,25-NSE,2026-07-20,(a)(3),2026-03-22
T000341,0001494650,0001354457-25-000435,25-NSE,2025-05-21,(a)(3),2025-01-21
T000342,0001496323,0001354457-25-000811,25-NSE,2025-08-14,(a)(3),2025-04-16
T000343,0001496963,0000876661-24-001010,25-NSE,2024-10-17,(a)(3),2024-06-19
T000344,0001498710,0000876661-24-001142,25-NSE,2024-12-05,(b),2024-08-07
T000345,0001498710,0001143313-25-000064,25-NSE,2025-09-11,(b),2025-05-14
T000346,0001499717,0001354457-25-000638,25-NSE,2025-07-10,(b),2025-03-12
T000347,0001499961,0001354457-26-000021,25-NSE,2026-01-08,(b),2025-09-10
T000348,0001501570,0001354457-25-001033,25-NSE,2025-10-20,(a)(3),2025-06-22
T000349,0001501756,0001354457-25-001236,25-NSE,2025-12-09,(a)(3),2025-08-11
T000350,0001505512,0001354457-25-000571,25-NSE,2025-06-25,(a)(3),2025-02-25
T000351,0001506928,0001354457-25-000558,25-NSE,2025-06-23,(b),2025-02-23
T000352,0001509589,0000876661-26-000073,25-NSE,2026-01-30,(a)(3),2025-10-02
T000353,0001512717,0001354457-25-000953,25-NSE,2025-09-25,(a)(3),2025-05-28
T000354,0001512931,0001354457-26-000347,25-NSE,2026-04-14,(a)(3),2025-12-15
T000355,0001514743,0001354457-26-000251,25-NSE,2026-03-13,(a)(3),2025-11-13
T000356,0001515816,0000876661-26-000063,25-NSE,2026-01-28,(a)(3),2025-09-30
T000357,0001517006,0000876661-25-000035,25-NSE,2025-01-16,(a)(3),2024-09-18
T000358,0001519061,0000876661-26-000266,25-NSE,2026-03-18,(b),2025-11-18
T000359,0001519505,0000876661-24-001095,25-NSE,2024-11-22,(a)(3),2024-07-25
T000360,0001521332,0000876661-24-001183,25-NSE,2024-12-18,(a)(3),2024-08-20
T000361,0001524741,0000876661-24-000615,25-NSE,2024-08-01,(a)(3),2024-04-03
T000362,0001524931,0001354457-24-000761,25-NSE,2024-10-11,(a)(3),2024-06-13
T000363,0001526329,0000876661-24-001203,25-NSE,2024-12-23,(a)(3),2024-08-25
T000364,0001527508,0001354457-25-000267,25-NSE,2025-04-01,(a)(3),2024-12-02
T000365,0001527599,0001354457-26-000470,25-NSE,2026-05-18,(b),2026-01-18
T000366,0001527613,0001354457-26-000885,25-NSE,2026-09-17,(b),2026-05-20
T000367,0001528129,0000876661-25-000963,25-NSE,2025-12-15,(a)(3),2025-08-17
T000368,0001531048,0001354457-25-000118,25-NSE,2025-02-19,(a)(3),2024-10-22
T000369,0001531978,0000876661-25-000276,25-NSE,2025-04-21,(a)(3),2024-12-22
T000370,0001532286,0000876661-26-000091,25-NSE,2026-02-05,(b),2025-10-08
T000371,0001532961,0001354457-25-000758,25-NSE,2025-08-04,(a)(3),2025-04-06
T000372,0001537028,0000876661-24-000806,25-NSE,2024-08-29,(b),2024-05-01
T000373,0001538210,0001354457-24-000653,25-NSE,2024-09-06,(b),2024-05-09
T000374,0001540013,0001354457-26-000255,25-NSE,2026-03-16,(a)(3),2025-11-16
T000375,0001542028,0001143313-26-000021,25-NSE,2026-03-27,(a)(3),2025-11-27
T000376,0001545654,0000876661-26-000229,25-NSE,2026-03-13,(a)(3),2025-11-13
T000377,0001545851,0000876661-25-000328,25-NSE,2025-05-12,(a)(3),2025-01-12
T000378,0001547158,0000876661-24-001201,25-NSE,2024-12-23,(a)(3),2024-08-25
T000379,0001547341,0000876661-24-000836,25-NSE,2024-09-09,(a)(3),2024-05-12
T000380,0001547994,0000876661-25-000688,25-NSE,2025-09-22,(a)(3),2025-05-25
T000381,0001550695,0001354457-25-001044,25-NSE/A,2025-10-21,(a)(3),2025-06-23
T000382,0001554859,0001354457-26-000049,25-NSE,2026-01-16,(a)(3),2025-09-18
T000383,0001556266,0001354457-25-000479,25-NSE,2025-05-30,(b),2025-01-30
T000384,0001559998,0001354457-25-000324,25-NSE,2025-04-11,(b),2024-12-12
T000385,0001560241,0001354457-24-000689,25-NSE,2024-09-18,(a)(3),2024-05-21
T000386,0001561680,0000876661-26-000432,25-NSE,2026-05-14,(a)(3),2026-01-14
T000387,0001562476,0000876661-26-000640,25-NSE,2026-07-24,(a)(3),2026-03-26
T000388,0001563577,0001354457-24-000643,25-NSE,2024-09-06,(b),2024-05-09
T000389,0001564618,0001354457-25-000001,25-NSE,2025-01-02,(a)(3),2024-09-04
T000390,0001564824,0001354457-25-000422,25-NSE,2025-05-15,(a)(3),2025-01-15
T000391,0001566826,0001354457-25-000778,25-NSE,2025-08-06,(b),2025-04-08
T000392,0001567514,0001354457-25-000272,25-NSE,2025-04-02,(a)(3),2024-12-03
T000393,0001567683,0000876661-26-000380,25-NSE,2026-05-01,(a)(3),2026-01-01
T000394,0001567925,0000876661-26-000591,25-NSE,2026-07-01,(a)(3),2026-03-03
T000395,0001571329,0001354457-25-000672,25-NSE,2025-07-15,(a)(3),2025-03-17
T000396,0001571329,0001354457-25-000678,25-NSE/A,2025-07-16,(a)(3),2025-03-18
T000397,0001575828,0000876661-26-000619,25-NSE,2026-07-14,(a)(3),2026-03-16
T000398,0001577916,0001354457-25-001186,25-NSE,2025-11-25,(a)(3),2025-07-28
T000399,0001579214,0000876661-26-000615,25-NSE,2026-07-14,(a)(3),2026-03-16
T000400,0001580063,0001354457-25-000496,25-NSE,2025-06-04,(b),2025-02-04
T000401,0001581091,0000876661-26-000703,25-NSE,2026-08-25,(a)(3),2026-04-27
T000402,0001583107,0001354457-26-000901,25-NSE,2026-09-23,(a)(3),2026-05-26
T000403,0001583771,0001354457-25-000728,25-NSE,2025-07-22,(b),2025-03-24
T000404,0001584751,0001354457-24-000710,25-NSE,2024-09-20,(b),2024-05-23
T000405,0001584754,0001354457-25-000512,25-NSE,2025-06-06,(b),2025-02-06
T000406,0001591587,0001143362-24-000272,25-NSE,2024-09-05,(a)(3),2024-05-08
T000407,0001592057,0000876661-24-000999,25-NSE,2024-10-11,(b),2024-06-13
T000408,0001593222,0000876661-26-000027,25-NSE,2026-01-09,(a)(3),2025-09-11
T000409,0001593548,0000876661-25-000479,25-NSE,2025-07-01,(a)(3),2025-03-03
T000410,0001596783,0000876661-24-001185,25-NSE,2024-12-18,(a)(3),2024-08-20
T000411,0001597264,0001354457-25-000693,25-NSE,2025-07-18,(a)(3),2025-03-20
T000412,0001597553,0001354457-25-000753,25-NSE,2025-07-31,(a)(3),2025-04-02
T000413,0001598110,0001354457-26-000164,25-NSE,2026-02-11,(a)(3),2025-10-14
T000414,0001599407,0001143313-25-000044,25-NSE,2025-07-09,(b),2025-03-11
T000415,0001600422,0001143313-24-000079,25-NSE,2024-08-01,(a)(3),2024-04-03
T000416,0001600438,0000876661-25-000636,25-NSE,2025-09-04,(a)(3),2025-05-07
T000417,0001600626,0000876661-26-000389,25-NSE,2026-05-06,(a)(3),2026-01-06
T000418,0001601072,0001354457-24-000935,25-NSE,2024-12-12,(a)(3),2024-08-14
T000419,0001601936,0001354457-25-000544,25-NSE,2025-06-17,(b),2025-02-17
T000420,0001603207,0001354457-25-000175,25-NSE,2025-03-05,(b),2024-11-05
T000421,0001603652,0001354457-26-000400,25-NSE,2026-05-01,(a)(3),2026-01-01
T000422,0001604778,0001354457-26-000942,25-NSE,2026-10-05,(a)(3),2026-06-07
T000423,0001604950,0001354457-25-000996,25-NSE,2025-10-07,(a)(3),2025-06-09
T000424,0001605607,0000876661-25-000998,25-NSE,2025-12-19,(a)(3),2025-08-21
T000425,0001606498,0000876661-26-000646,25-NSE,2026-07-27,(a)(3),2026-03-29
T000426,0001606698,0001354457-25-000380,25-NSE,2025-05-06,(b),2025-01-06
T000427,0001608390,0001354457-25-000705,25-NSE,2025-07-21,(b),2025-03-23
T000428,0001608742,0000876661-26-000298,25-NSE,2026-03-30,(a)(3),2025-11-30
T000429,0001610618,0001354457-26-000017,25-NSE,2026-01-07,(a)(3),2025-09-09
T000430,0001616318,0000876661-24-001115,25-NSE,2024-11-27,(a)(3),2024-07-30
T000431,0001621563,0000876661-25-000075,25-NSE,2025-02-11,(a)(3),2024-10-14
T000432,0001627854,0000876661-24-001104,25-NSE,2024-11-25,(a)(3),2024-07-28
T000433,0001628369,0000876661-25-000920,25-NSE,2025-11-28,(a)(3),2025-07-31
T000434,0001630113,0001354457-24-000782,25-NSE,2024-10-15,(b),2024-06-17
T000435,0001633931,0000876661-26-000589,25-NSE,2026-07-01,(a)(3),2026-03-03
T000436,0001633932,0001354457-25-001005,25-NSE,2025-10-09,(a)(3),2025-06-11
T000437,0001634997,0001143362-24-000406,25-NSE,2024-12-23,(a)(3),2024-08-25
T000438,0001643988,0001143313-24-000085,25-NSE,2024-08-15,(b),2024-04-17
T000439,0001644963,0001354457-25-000696,25-NSE,2025-07-18,(b),2025-03-20
T000440,0001645070,0001354457-24-000838,25-NSE,2024-10-31,(a)(3),2024-07-03
T000441,0001645666,0001354457-26-000433,25-NSE,2026-05-11,(a)(3),2026-01-11
T000442,0001651311,0001354457-25-001299,25-NSE/A,2025-12-30,(a)(3),2025-09-01
T000443,0001651407,0001354457-25-000474,25-NSE,2025-05-30,(a)(3),2025-01-30
T000444,0001656634,0001354457-25-000176,25-NSE,2025-03-05,(b),2024-11-05
T000445,0001658247,0001354457-26-000839,25-NSE,2026-09-01,(a)(3),2026-05-04
T000446,0001658566,0000876661-26-000011,25-NSE,2026-01-07,(a)(3),2025-09-09
T000447,0001659323,0001354457-26-000607,25-NSE,2026-06-23,(b),2026-02-23
T000448,0001659520,0000876661-25-000118,25-NSE,2025-02-14,(a)(3),2024-10-17
T000449,0001661460,0001354457-25-000014,25-NSE,2025-01-08,(a)(3),2024-09-10
T000450,0001668370,0001354457-24-000707,25-NSE,2024-09-20,(b),2024-05-23
T000451,0001668673,0001354457-24-000831,25-NSE,2024-10-25,(a)(3),2024-06-27
T000452,0001671284,0000876661-25-000732,25-NSE,2025-10-02,(a)(3),2025-06-04
T000453,0001673772,0001354457-26-000226,25-NSE,2026-03-03,(a)(3),2025-11-03
T000454,0001679363,0001354457-24-000577,25-NSE,2024-08-16,(a)(3),2024-04-18
T000455,0001679688,0000876661-26-000800,25-NSE,2026-09-30,(a)(3),2026-06-02
T000456,0001680056,0001143313-26-000045,25-NSE,2026-07-31,(a)(3),2026-04-02
T000457,0001681903,0001354457-25-000200,25-NSE,2025-03-13,(a)(3),2024-11-13
T000458,0001684144,0001143313-25-000014,25-NSE,2025-03-13,(b),2024-11-13
T000459,0001687221,0000876661-26-000076,25-NSE,2026-02-02,(a)(3),2025-10-05
T000460,0001689731,0001354457-25-000603,25-NSE,2025-07-01,(a)(3),2025-03-03
T000461,0001691507,0001354457-26-000747,25-NSE,2026-07-31,(a)(3),2026-04-02
T000462,0001691507,0001354457-26-000768,25-NSE,2026-08-07,(a)(3),2026-04-09
T000463,0001692427,0001354457-26-000838,25-NSE,2026-09-01,(a)(3),2026-05-04
T000464,0001693011,0001354457-25-000600,25-NSE,2025-07-01,(a)(3),2025-03-03
T000465,0001697532,0001354457-26-000130,25-NSE,2026-02-03,(a)(3),2025-10-06
T000466,0001698508,0000876661-24-001117,25-NSE,2024-12-02,(a)(3),2024-08-04
T000467,0001699838,0001354457-26-000262,25-NSE,2026-03-17,(a)(3),2025-11-17
T000468,0001701051,0000876661-25-001028,25-NSE,2025-12-31,(a)(3),2025-09-02
T000469,0001701732,0001354457-25-000243,25-NSE,2025-03-26,(a)(3),2024-11-26
T000470,0001701809,0000876661-24-000817,25-NSE,2024-09-04,(a)(3),2024-05-07
T000471,0001703141,0000876661-25-000335,25-NSE,2025-05-15,(a)(3),2025-01-15
T000472,0001703785,0000876661-25-000607,25-NSE,2025-08-19,(a)(3),2025-04-21
T000473,0001704299,0000876661-25-000854,25-NSE,2025-11-10,(a)(3),2025-07-13
T000474,0001705873,0001354457-25-001285,25-NSE,2025-12-18,(a)(3),2025-08-20
T000475,0001708331,0001354457-25-000708,25-NSE,2025-07-21,(b),2025-03-23
T000476,0001711933,0001354457-25-000619,25-NSE,2025-07-08,(a)(3),2025-03-10
T000477,0001718512,0000876661-26-000632,25-NSE,2026-07-20,(a)(3),2026-03-22
T000478,0001720671,0001354457-25-000140,25-NSE,2025-02-27,(a)(3),2024-10-30
T000479,0001721947,0001354457-26-000116,25-NSE,2026-01-30,(a)(3),2025-10-02
T000480,0001722438,0000876661-24-000880,25-NSE,2024-09-27,(a)(3),2024-05-30
T000481,0001722964,0001354457-25-000904,25-NSE,2025-09-16,(a)(3),2025-05-19
T000482,0001722969,0001354457-25-000783,25-NSE,2025-08-07,(b),2025-04-09
T000483,0001723089,0001354457-25-000680,25-NSE,2025-07-16,(a)(3),2025-03-18
T000484,0001725057,0000876661-26-000087,25-NSE,2026-02-04,(a)(3),2025-10-07
T000485,0001726711,0001354457-26-000962,25-NSE,2026-10-07,(b),2026-06-09
T000486,0001728205,0001354457-25-000859,25-NSE,2025-08-29,(a)(3),2025-05-01
T000487,0001729944,0001354457-25-000700,25-NSE,2025-07-21,(b),2025-03-23
T000488,0001730773,0001354457-25-000548,25-NSE,2025-06-20,(b),2025-02-20
T000489,0001733294,0001354457-26-000149,25-NSE,2026-02-09,(a)(3),2025-10-12
T000490,0001739942,0000876661-25-000263,25-NSE,2025-04-16,(a)(3),2024-12-17
T000491,0001741534,0001354457-26-000936,25-NSE,2026-10-01,(b),2026-06-03
T000492,0001741830,0001354457-25-000547,25-NSE,2025-06-20,(a)(3),2025-02-20
T000493,0001742927,0001354457-26-000658,25-NSE,2026-07-10,(b),2026-03-12
T000494,0001743907,0001354457-26-000443,25-NSE,2026-05-13,(a)(3),2026-01-13
T000495,0001744659,0001354457-25-001233,25-NSE,2025-12-09,(a)(3),2025-08-11
T000496,0001754323,0001354457-26-000683,25-NSE,2026-07-14,(b),2026-03-16
T000497,0001754820,0000876661-25-000253,25-NSE,2025-04-02,(a)(3),2024-12-03
T000498,0001756701,0001354457-26-000396,25-NSE,2026-04-30,(a)(3),2025-12-31
T000499,0001757097,0001354457-24-000786,25-NSE,2024-10-15,(b),2024-06-17
T000500,0001758057,0001354457-26-000083,25-NSE,2026-01-23,(b),2025-09-25
T000501,0001759136,0001354457-26-000685,25-NSE,2026-07-14,(b),2026-03-16
T000502,0001762239,0001354457-26-000939,25-NSE,2026-10-02,(b),2026-06-04
T000503,0001764974,0001354457-25-000800,25-NSE,2025-08-11,(a)(3),2025-04-13
T000504,0001765159,0001354457-24-000872,25-NSE,2024-11-15,(a)(3),2024-07-18
T000505,0001766363,0000876661-25-000220,25-NSE,2025-03-24,(a)(3),2024-11-24
T000506,0001769759,0001354457-25-000997,25-NSE,2025-10-07,(a)(3),2025-06-09
T000507,0001769804,0001354457-24-000740,25-NSE,2024-10-02,(a)(3),2024-06-04
T000508,0001772695,0000876661-25-000435,25-NSE,2025-06-10,(b),2025-02-10
T000509,0001773427,0001354457-25-000604,25-NSE,2025-07-01,(a)(3),2025-03-03
T000510,0001775085,0001354457-25-000787,25-NSE,2025-08-07,(b),2025-04-09
T000511,0001778784,0001354457-25-001142,25-NSE/A,2025-11-14,(a)(3),2025-07-17
T000512,0001779020,0000876661-25-000043,25-NSE,2025-01-17,(b),2024-09-19
T000513,0001782037,0001354457-26-000471,25-NSE,2026-05-18,(b),2026-01-18
T000514,0001782754,0000876661-25-000485,25-NSE,2025-07-01,(a)(3),2025-03-03
T000515,0001782941,0001354457-26-000623,25-NSE,2026-06-26,(b),2026-02-26
T000516,0001783032,0001354457-25-000732,25-NSE,2025-07-23,(a)(3),2025-03-25
T000517,0001785173,0001354457-25-001073,25-NSE,2025-10-30,(a)(3),2025-07-02
T000518,0001786205,0001354457-26-000381,25-NSE,2026-04-28,(a)(3),2025-12-29
T000519,0001788348,0000876661-24-001222,25-NSE,2024-12-30,(a)(3),2024-09-01
T000520,0001791863,0000876661-24-001225,25-NSE,2024-12-30,(a)(3),2024-09-01
T000521,0001796898,0001354457-26-000941,25-NSE,2026-10-02,(b),2026-06-04
T000522,0001798270,0001354457-24-000704,25-NSE,2024-09-20,(b),2024-05-23
T000523,0001799208,0000876661-25-000617,25-NSE,2025-08-26,(a)(3),2025-04-28
T000524,0001799332,0001354457-25-000456,25-NSE,2025-05-27,(a)(3),2025-01-27
T000525,0001799983,0000876661-25-000602,25-NSE,2025-08-18,(a)(3),2025-04-20
T000526,0001800347,0000876661-25-000550,25-NSE,2025-08-04,(a)(3),2025-04-06
T000527,0001803737,0000876661-26-000435,25-NSE,2026-05-15,(a)(3),2026-01-15
T000528,0001803901,0001354457-26-000793,25-NSE,2026-08-17,(a)(3),2026-04-19
T000529,0001805387,0001354457-24-000549,25-NSE,2024-08-01,(a)(3),2024-04-03
T000530,0001806201,0001354457-26-000741,25-NSE,2026-07-30,(a)(3),2026-04-01
T000531,0001807427,0000876661-25-000018,25-NSE,2025-01-13,(a)(3),2024-09-15
T000532,0001808158,0001354457-26-000100,25-NSE,2026-01-28,(a)(3),2025-09-30
T000533,0001808220,0001354457-26-000659,25-NSE,2026-07-10,(b),2026-03-12
T000534,0001808665,0001354457-26-000643,25-NSE,2026-07-07,(a)(3),2026-03-09
T000535,0001808865,0001354457-25-000857,25-NSE,2025-08-29,(a)(3),2025-05-01
T000536,0001809122,0001354457-26-000010,25-NSE,2026-01-06,(a)(3),2025-09-08
T000537,0001811623,0001354457-25-000791,25-NSE,2025-08-08,(b),2025-04-10
T000538,0001812173,0000876661-26-000276,25-NSE,2026-03-19,(b),2025-11-19
T000539,0001812360,0001143313-25-000059,25-NSE,2025-08-22,(b),2025-04-24
T000540,0001815849,0000876661-24-001134,25-NSE,2024-12-04,(b),2024-08-06
T000541,0001815903,0001354457-25-001163,25-NSE,2025-11-20,(b),2025-07-23
T000542,0001816319,0001354457-25-000702,25-NSE,2025-07-21,(b),2025-03-23
T000543,0001816613,0000876661-25-000283,25-NSE,2025-04-25,(a)(3),2024-12-26
T000544,0001819394,0001354457-25-000149,25-NSE,2025-02-28,(a)(3),2024-10-31
T000545,0001819974,0001354457-26-000745,25-NSE,2026-07-31,(a)(3),2026-04-02
T000546,0001820872,0000876661-26-000798,25-NSE,2026-09-29,(a)(3),2026-06-01
T000547,0001821080,0001143362-25-000444,25-NSE,2025-12-08,(a)(3),2025-08-10
T000548,0001821160,0000876661-25-000916,25-NSE,2025-11-28,(a)(3),2025-07-31
T000549,0001821393,0000876661-24-000916,25-NSE,2024-10-04,(a)(3),2024-06-06
T000550,0001823406,0001354457-26-000771,25-NSE,2026-08-07,(a)(3),2026-04-09
T000551,0001825155,0000876661-25-000822,25-NSE,2025-10-31,(a)(3),2025-07-03
T000552,0001827087,0001354457-25-000762,25-NSE,2025-08-05,(a)(3),2025-04-07
T000553,0001827506,0001354457-25-001066,25-NSE,2025-10-28,(a)(3),2025-06-30
T000554,0001827821,0000876661-26-000186,25-NSE,2026-03-02,(a)(3),2025-11-02
T000555,0001828376,0001354457-25-000364,25-NSE,2025-04-30,(a)(3),2024-12-31
T000556,0001828723,0000876661-25-000265,25-NSE,2025-04-16,(a)(3),2024-12-17
T000557,0001828811,0000876661-25-000140,25-NSE,2025-02-27,(b),2024-10-30
T000558,0001828852,0001354457-25-000382,25-NSE,2025-05-06,(b),2025-01-06
T000559,0001829280,0001354457-26-000464,25-NSE,2026-05-15,(a)(3),2026-01-15
T000560,0001831363,0001354457-26-000405,25-NSE,2026-05-05,(a)(3),2026-01-05
T000561,0001831840,0000876661-26-000368,25-NSE,2026-04-28,(a)(3),2025-12-29
T000562,0001832168,0001354457-24-000898,25-NSE,2024-12-02,(a)(3),2024-08-04
T000563,0001832433,0000876661-24-000619,25-NSE,2024-08-01,(a)(3),2024-04-03
T000564,0001834494,0000876661-25-000801,25-NSE,2025-10-24,(a)(3),2025-06-26
T000565,0001834975,0001354457-25-000227,25-NSE,2025-03-21,(b),2024-11-21
T000566,0001835256,0000876661-24-001210,25-NSE,2024-12-26,(a)(3),2024-08-28
T000567,0001835512,0000876661-24-001023,25-NSE,2024-10-30,(a)(3),2024-07-02
T000568,0001835591,0000876661-24-001127,25-NSE,2024-12-03,(a)(3),2024-08-05
T000569,0001835681,0000876661-24-000894,25-NSE,2024-10-01,(a)(3),2024-06-03
T000570,0001837254,0001354457-26-000673,25-NSE,2026-07-13,(b),2026-03-15
T000571,0001837429,0000876661-24-000808,25-NSE,2024-08-30,(a)(3),2024-05-02
T000572,0001837686,0001354457-25-001175,25-NSE,2025-11-24,(a)(3),2025-07-27
T000573,0001837686,0001354457-25-001176,25-NSE,2025-11-24,(a)(3),2025-07-27
T000574,0001839439,0001354457-25-000329,25-NSE,2025-04-14,(a)(3),2024-12-15
T000575,0001839608,0000876661-24-000623,25-NSE,2024-08-05,(b),2024-04-07
T000576,0001840574,0001354457-25-000739,25-NSE,2025-07-25,(a)(3),2025-03-27
T000577,0001840748,0001354457-25-001168,25-NSE/A,2025-11-21,(a)(3),2025-07-24
T000578,0001841804,0000876661-24-001067,25-NSE,2024-11-13,(a)(3),2024-07-16
T000579,0001842718,0001354457-25-001293,25-NSE,2025-12-23,(a)(3),2025-08-25
T000580,0001843588,0001354457-26-000675,25-NSE,2026-07-13,(b),2026-03-15
T000581,0001844505,0001354457-25-000714,25-NSE,2025-07-21,(b),2025-03-23
T000582,0001845022,0001354457-25-000938,25-NSE,2025-09-24,(a)(3),2025-05-27
T000583,0001845337,0001354457-26-000366,25-NSE,2026-04-23,(a)(3),2025-12-24
T000584,0001846017,0001354457-26-000317,25-NSE,2026-04-01,(a)(3),2025-12-02
T000585,0001846510,0000876661-26-000066,25-NSE,2026-01-29,(a)(3),2025-10-01
T000586,0001847577,0001354457-24-000744,25-NSE,2024-10-03,(a)(3),2024-06-05
T000587,0001847584,0001354457-24-000673,25-NSE,2024-09-12,(a)(3),2024-05-15
T000588,0001848758,0001143362-26-000002,25-NSE,2026-01-02,(a)(3),2025-09-04
T000589,0001849221,0001143313-26-000033,25-NSE,2026-06-18,(b),2026-02-18
T000590,0001849670,0001354457-26-000005,25-NSE/A,2026-01-05,(a)(3),2025-09-07
T000591,0001849737,0001354457-25-000631,25-NSE,2025-07-10,(b),2025-03-12
T000592,0001850906,0001354457-25-000126,25-NSE,2025-02-21,(a)(3),2024-10-24
T000593,0001851194,0001354457-26-000227,25-NSE,2026-03-04,(a)(3),2025-11-04
T000594,0001851860,0001354457-25-000231,25-NSE,2025-03-21,(b),2024-11-21
T000595,0001852633,0000876661-25-000157,25-NSE,2025-03-06,(b),2024-11-06
T000596,0001853513,0001354457-26-000478,25-NSE,2026-05-19,(a)(3),2026-01-19
T000597,0001854401,0000876661-25-000629,25-NSE,2025-09-02,(a)(3),2025-05-05
T000598,0001854583,0001354457-24-000789,25-NSE,2024-10-15,(b),2024-06-17
T000599,0001855457,0000876661-26-000635,25-NSE,2026-07-21,(a)(3),2026-03-23
T000600,0001856028,0001354457-25-000201,25-NSE,2025-03-14,(a)(3),2024-11-14
T000601,0001856236,0001354457-26-000419,25-NSE,2026-05-08,(a)(3),2026-01-08
T000602,0001858257,0001354457-25-001023,25-NSE,2025-10-15,(a)(3),2025-06-17
T000603,0001859007,0001354457-25-000988,25-NSE,2025-10-06,(b),2025-06-08
T000604,0001860782,0001354457-25-000408,25-NSE,2025-05-13,(a)(3),2025-01-13
T000605,0001861560,0001354457-26-000693,25-NSE,2026-07-15,(a)(3),2026-03-17
T000606,0001864290,0000876661-25-000623,25-NSE,2025-08-27,(a)(3),2025-04-29
T000607,0001865127,0001354457-24-000650,25-NSE,2024-09-06,(b),2024-05-09
T000608,0001865187,0000876661-25-000771,25-NSE,2025-10-15,(a)(3),2025-06-17
T000609,0001865494,0001354457-26-000541,25-NSE,2026-06-08,(b),2026-02-08
T000610,0001865602,0001354457-25-001229,25-NSE,2025-12-08,(a)(3),2025-08-10
T000611,0001866368,0000876661-26-000553,25-NSE,2026-06-25,(a)(3),2026-02-25
T000612,0001866550,0001354457-24-000865,25-NSE,2024-11-13,(a)(3),2024-07-16
T000613,0001868573,0001354457-25-000221,25-NSE,2025-03-21,(b),2024-11-21
T000614,0001868726,0001354457-26-000642,25-NSE,2026-07-07,(a)(3),2026-03-09
T000615,0001868778,0000876661-25-000882,25-NSE,2025-11-18,(a)(3),2025-07-21
T000616,0001868912,0000876661-25-000277,25-NSE,2025-04-21,(a)(3),2024-12-22
T000617,0001870600,0000876661-26-000606,25-NSE,2026-07-08,(b),2026-03-10
T000618,0001871130,0000876661-26-000304,25-NSE,2026-03-31,(a)(3),2025-12-01
T000619,0001871149,0001354457-25-000552,25-NSE,2025-06-23,(b),2025-02-23
T000620,0001873331,0000876661-24-001164,25-NSE,2024-12-13,(a)(3),2024-08-15
T000621,0001874944,0001354457-25-000367,25-NSE,2025-05-01,(a)(3),2025-01-01
T000622,0001876588,0001354457-25-001034,25-NSE,2025-10-20,(a)(3),2025-06-22
T000623,0001876588,0001354457-25-001045,25-NSE/A,2025-10-21,(a)(3),2025-06-23
T000624,0001879103,0001354457-25-001079,25-NSE,2025-11-03,(a)(3),2025-07-06
T000625,0001879373,0001354457-26-000672,25-NSE,2026-07-13,(b),2026-03-15
T000626,0001879848,0001354457-25-001132,25-NSE,2025-11-14,(b),2025-07-17
T000627,0001880343,0001143313-26-000051,25-NSE,2026-10-01,(b),2026-06-03
T000628,0001881592,0001354457-26-000931,25-NSE,2026-10-01,(a)(3),2026-06-03
T000629,0001883984,0001354457-25-000626,25-NSE,2025-07-09,(b),2025-03-11
T000630,0001884072,0001354457-25-000165,25-NSE,2025-03-05,(b),2024-11-05
T000631,0001886799,0001354457-25-000229,25-NSE,2025-03-21,(b),2024-11-21
T000632,0001888012,0001354457-25-000913,25-NSE,2025-09-17,(a)(3),2025-05-20
T000633,0001888151,0001354457-25-001170,25-NSE,2025-11-21,(b),2025-07-24
T000634,0001889956,0001354457-26-000315,25-NSE,2026-04-01,(a)(3),2025-12-02
T000635,0001892480,0001354457-25-000164,25-NSE,2025-03-05,(b),2024-11-05
T000636,0001893448,0001143313-24-000094,25-NSE,2024-09-30,(a)(3),2024-06-02
T000637,0001895249,0001354457-25-000727,25-NSE,2025-07-22,(b),2025-03-24
T000638,0001897982,0001354457-25-000196,25-NSE,2025-03-12,(a)(3),2024-11-12
T000639,0001898474,0001143313-26-000015,25-NSE,2026-03-17,(a)(3),2025-11-17
T000640,0001898496,0000876661-26-000814,25-NSE,2026-10-02,(b),2026-06-04
T000641,0001899658,0001354457-25-001166,25-NSE,2025-11-21,(b),2025-07-24
T000642,0001900720,0001354457-26-000515,25-NSE,2026-06-02,(b),2026-02-02
T000643,0001901305,0001354457-25-000094,25-NSE,2025-02-12,(b),2024-10-15
T000644,0001902794,0001354457-25-000122,25-NSE,2025-02-19,(a)(3),2024-10-22
T000645,0001906133,0001354457-25-000769,25-NSE,2025-08-06,(b),2025-04-08
T000646,0001910851,0001354457-24-000875,25-NSE,2024-11-19,(a)(3),2024-07-22
T000647,0001910851,0001354457-24-000876,25-NSE/A,2024-11-19,(a)(3),2024-07-22
T000648,0001912582,0001354457-25-000718,25-NSE,2025-07-21,(b),2025-03-23
T000649,0001914818,0001354457-25-000725,25-NSE,2025-07-22,(b),2025-03-24
T000650,0001915403,0001143313-25-000042,25-NSE,2025-07-02,(a)(3),2025-03-04
T000651,0001922446,0000876661-25-000910,25-NSE,2025-11-24,(a)(3),2025-07-27
T000652,0001939365,0001354457-26-000531,25-NSE,2026-06-04,(b),2026-02-04
T000653,0001939696,0001354457-25-000776,25-NSE,2025-08-06,(b),2025-04-08
T000654,0001943705,0000876661-25-000006,25-NSE,2025-01-06,(a)(3),2024-09-08
T000655,0001943802,0001354457-26-000932,25-NSE,2026-10-01,(a)(3),2026-06-03
T000656,0001944057,0000876661-26-000020,25-NSE,2026-01-09,(a)(3),2025-09-11
T000657,0001948884,0001354457-24-000781,25-NSE,2024-10-15,(b),2024-06-17
T000658,0001949478,0001354457-26-000945,25-NSE,2026-10-05,(b),2026-06-07
T000659,0001949478,0001354457-26-000946,25-NSE/A,2026-10-05,(b),2026-06-07
T000660,0001949543,0000876661-25-000611,25-NSE,2025-08-21,(a)(3),2025-04-23
T000661,0001950246,0000876661-25-000753,25-NSE,2025-10-14,(a)(3),2025-06-16
T000662,0001959348,0000876661-25-000707,25-NSE,2025-09-26,(a)(3),2025-05-29
T000663,0001962738,0001354457-26-000606,25-NSE,2026-06-23,(b),2026-02-23
T000664,0001962918,0001354457-25-000436,25-NSE,2025-05-21,(a)(3),2025-01-21
T000665,0001966494,0001354457-25-000828,25-NSE,2025-08-19,(a)(3),2025-04-21
T000666,0001971543,0001354457-25-001216,25-NSE,2025-12-05,(a)(3),2025-08-07
T000667,0001974640,0001354457-26-000853,25-NSE,2026-09-03,(a)(3),2026-05-06
T000668,0001977303,0000876661-25-000151,25-NSE,2025-03-06,(a)(3),2024-11-06
T000669,0001984014,0001354457-26-000573,25-NSE,2026-06-15,(b),2026-02-15
T000670,0001990950,0001354457-26-000963,25-NSE,2026-10-08,(b),2026-06-10
T000671,0001994624,0001354457-26-000539,25-NSE,2026-06-08,(b),2026-02-08
T000672,0002000640,0001354457-25-000691,25-NSE,2025-07-18,(b),2025-03-20
T000673,0002005569,0001354457-26-000954,25-NSE,2026-10-06,(b),2026-06-08
T000674,0002006191,0001354457-25-000386,25-NSE,2025-05-07,(a)(3),2025-01-07
T000675,0002006468,0001354457-26-000961,25-NSE,2026-10-07,(b),2026-06-09
T000676,0002011954,0001354457-26-000530,25-NSE,2026-06-04,(b),2026-02-04
T000677,0002014955,0001354457-26-000676,25-NSE,2026-07-13,(b),2026-03-15
T000678,0002017526,0001354457-26-000709,25-NSE,2026-07-20,(a)(3),2026-03-22
T000679,0002024306,0001354457-26-000855,25-NSE,2026-09-03,(a)(3),2026-05-06
T000680,0002034268,0001354457-26-000466,25-NSE,2026-05-15,(a)(3),2026-01-15
T000681,0002034269,0001354457-26-000638,25-NSE,2026-07-01,(a)(3),2026-03-03
T000682,0002040807,0001354457-25-001124,25-NSE,2025-11-13,(a)(3),2025-07-16
T000683,0002046573,0001354457-26-000933,25-NSE,2026-10-01,(b),2026-06-03
T000684,0002049717,0001143313-26-000035,25-NSE,2026-06-23,(b),2026-02-23
T000685,0002081043,0001354457-26-000870,25-NSE,2026-09-11,(a)(3),2026-05-14
