series_id,vendor_symbol,bar_date,split_factor,link_reason,cik,basis,in_u
7729,AAPL,2020-08-31,4,linked,0000320193,single_cik,1
7755,AADI,2021-08-27,0.06666667,no_recent_evidence:never_seen,,,0
7817,ABEO,2022-07-05,0.04,linked,0000318306,single_cik,0
7905,ACET,2020-09-16,0.142857,linked,0000002034,single_cik,0
7944,ACMR,2022-03-24,3,linked,0001680062,single_cik,0
7954,ACOR,2021-01-04,0.16666667,vendor_symbol_collision,,,0
7955,ACORQ,2021-01-04,0.16666667,vendor_symbol_collision,,,0
7963,ACR,2021-02-17,0.333333,no_recent_evidence,,,0
7975,ACST,2021-08-31,0.125,linked,0001444192,single_cik,0
8005,ACY,2022-01-10,5,linked,0001036848,single_cik,0
8065,ADRO,2020-10-02,0.2,linked,0001435049,single_cik,0
8118,AEHL,2020-09-03,0.333333,no_recent_evidence:never_seen,,,0
8164,AEZS,2022-07-21,0.04,no_recent_evidence:never_seen,,,0
8321,AGRX,2022-04-27,0.025,linked,0001261249,single_cik,0
8333,AHC,2021-06-08,0.25,linked,0001413898,single_cik,1
8336,AHG,2020-08-24,0.33333334,no_recent_evidence,,,0
8364,AHT,2021-07-19,0.1,linked,0001232582,single_cik,0
8396,AIHS,2022-04-06,0.1,linked,0001711012,single_cik,0
8399,AIJTY,2020-10-30,0.125,no_recent_evidence:never_seen,,,0
8400,AIKI,2022-06-07,0.05882353,linked,0000012239,single_cik,0
8446,AIU,2022-01-24,0.04,no_recent_evidence:never_seen,,,0
8447,AIV,2020-12-01,0.8076174,linked,0000922864,single_cik,0
8585,ALNT,2021-05-03,1.5,no_recent_evidence:never_seen,,,0
8734,AMOT,2021-05-03,1.5,linked,0000046129,single_cik,0
8759,AMRK,2022-06-07,2,linked,0001591588,single_cik,0
8797,AMZN,2022-06-06,20,linked,0001018724,single_cik,1
8812,ANCN,2021-03-16,0.0625,linked,0001534248,single_cik,0
8824,ANET,2021-11-18,4,linked,0001596532,single_cik,1
8918,APEX,2020-09-02,0.1,linked,0000844161,single_cik,0
8928,APH,2021-03-05,2,linked,0000820313,single_cik,1
8958,APOP,2021-09-24,0.25,no_recent_evidence:never_seen,,,0
9045,ARCO,2021-07-13,1.0143,no_recent_evidence:never_seen,,,0
9132,AROW,2020-09-16,1.03,linked,0000717538,single_cik,0
9132,AROW,2021-09-16,1.03,linked,0000717538,single_cik,0
9277,ASRT,2021-05-18,0.25,linked,0001808665,succession,1
9321,ATAX,2022-04-04,0.33333334,linked,0001059142,single_cik,0
9375,ATIF,2021-08-30,0.2,no_recent_evidence:never_seen,,,0
9407,ATNM,2020-08-11,0.0333333,linked,0001388320,single_cik,0
9442,ATXS,2021-08-20,0.16666667,no_recent_evidence:never_seen,,,0
9526,AVGR,2022-03-15,0.05,linked,0001506928,single_cik,0
9557,AVNW,2021-04-08,2,linked,0001377789,single_cik,0
9575,AVTX,2022-07-08,0.083333336,linked,0001534120,single_cik,0
9614,AXAS,2020-10-19,0.05,linked,0000867665,single_cik,0
9659,AYTU,2020-12-09,0.1,linked,0001385818,single_cik,0
9679,AZRX,2021-09-13,0.1,linked,0001604191,single_cik,0
9802,BBD,2021-04-19,1.1,no_recent_evidence:never_seen,,,0
9802,BBD,2022-04-19,1.1,no_recent_evidence:never_seen,,,0
9804,BBDO,2021-04-19,1.1,no_recent_evidence:never_seen,,,0
9804,BBDO,2022-04-19,1.1,no_recent_evidence:never_seen,,,0
9811,BBI,2022-07-05,0.022222223,linked,0000819050,single_cik,0
9992,BEP,2020-12-14,1.5,no_recent_evidence,,,0
10002,BEST,2022-05-20,0.2,no_recent_evidence,,,0
10007,BETS,2020-08-27,0.1,no_recent_evidence:never_seen,,,0
10008,BETSF,2020-08-27,0.1,no_recent_evidence:never_seen,,,0
10097,BHAT,2022-05-27,0.1,no_recent_evidence:never_seen,,,0
10161,BIMI,2022-02-03,0.2,no_recent_evidence,,,0
10170,BIOC,2020-09-08,0.1,vendor_symbol_collision,,,0
10171,BIOCQ,2020-09-08,0.1,vendor_symbol_collision,,,0
10173,BIOL,2022-04-29,0.04,linked,0000811240,single_cik,0
10184,BIP,2022-06-13,1.5,no_recent_evidence:never_seen,,,0
10199,BIS,2020-08-18,0.25,no_recent_evidence:never_seen,,,0
10280,BKYI,2020-11-20,0.125,linked,0001019034,single_cik,0
10425,BNKD,2021-03-29,0.1,no_recent_evidence:never_seen,,,0
10498,BORR,2021-12-14,0.5,no_recent_evidence:never_seen,,,0
10502,BOTJ,2021-06-24,1.1,linked,0001275101,single_cik,0
10554,BQ,2022-06-03,0.166666666666667,no_recent_evidence:never_seen,,,0
10645,BRQS,2022-06-27,0.0625,no_recent_evidence,,,0
10646,BRQSF,2022-06-27,0.0625,no_recent_evidence:never_seen,,,0
10659,BRW,2022-05-20,0.5,linked,0000826020,single_cik,0
10785,BTB,2020-08-27,0.1,no_recent_evidence:never_seen,,,0
10794,BTCT,2022-05-06,0.0333333333333333,no_recent_evidence:never_seen,,,0
10836,BTX,2021-03-26,0.5,linked,0000876343,single_cik,0
10949,BXRX,2022-02-16,0.028571429,vendor_symbol_collision,,,0
10950,BXRXQ,2022-02-16,0.028571429,vendor_symbol_collision,,,0
10977,BYRN,2021-04-27,0.1,no_recent_evidence:never_seen,,,0
10991,BZQ,2021-05-25,0.5,no_recent_evidence:never_seen,,,0
10991,BZQ,2022-05-27,0.5,no_recent_evidence:never_seen,,,0
11042,CALA,2022-06-15,0.05,linked,0001496671,single_cik,0
11078,CAPD,2021-06-04,10,linked,0001086082,single_cik,1
11079,CAPE,2021-06-04,10,no_recent_evidence,,,0
11114,CASI,2022-06-01,0.1,linked,0000895051,single_cik,0
11114,CASI,2022-06-02,0.1,linked,0000895051,single_cik,0
11123,CATB,2021-08-20,0.16666667,linked,0001454789,single_cik,0
11191,CBSH,2021-12-01,1.05,linked,0000022356,single_cik,1
11215,CCCL,2020-09-03,0.333333,no_recent_evidence:never_seen,,,0
11336,CDR,2020-11-27,0.15151516,linked,0000761648,single_cik,0
11428,CETXP,2020-09-29,1.05,no_recent_evidence,,,0
11428,CETXP,2021-03-30,1.05,no_recent_evidence,,,0
11428,CETXP,2021-09-29,1.05,no_recent_evidence,,,0
11428,CETXP,2022-03-30,1.05,no_recent_evidence,,,0
11592,CHFS,2020-10-19,0.0333333,linked,0001506492,single_cik,0
11703,CIG,2020-08-13,1.041131,no_recent_evidence:never_seen,,,0
11703,CIG,2021-05-03,1.114969,no_recent_evidence:never_seen,,,0
11703,CIG,2022-05-19,1.3,no_recent_evidence:never_seen,,,0
11764,CJJD,2022-04-07,0.083333336,no_recent_evidence,,,0
11898,CLRB,2022-07-22,0.1,linked,0001279704,single_cik,0
11905,CLRD,2020-09-10,0.1,no_recent_evidence:never_seen,,,0
11917,CLSN,2022-03-01,0.06666667,linked,0000749647,single_cik,0
11932,CLWT,2021-03-03,1.6666666,no_recent_evidence:never_seen,,,0
11932,CLWT,2022-01-24,1.5,no_recent_evidence:never_seen,,,0
11937,CM,2022-05-16,2,no_recent_evidence:never_seen,,,0
11983,CMMB,2021-03-17,0.0625,no_recent_evidence:never_seen,,,0
12153,COGT,2020-11-09,0.25,linked,0001622229,single_cik,0
12248,CP,2021-05-14,5,no_recent_evidence,,,0
12266,CPE,2020-08-10,0.1,linked,0000928022,single_cik,0
12311,CPTA,2020-08-24,0.166667,linked,0001571329,single_cik,0
12428,CRVO,2022-04-19,0.02,no_recent_evidence:never_seen,,,0
12455,CSCI,2022-07-21,0.04,no_recent_evidence:never_seen,,,0
12464,CSGP,2021-06-28,10,linked,0001057352,single_cik,1
12513,CSU,2020-12-14,0.0666667,linked,0001043000,single_cik,0
12520,CSX,2021-06-29,3,linked,0000277948,single_cik,1
12580,CTK,2022-05-09,0.07692308,no_recent_evidence:never_seen,,,0
12590,CTO,2020-11-18,1.228,linked,0000023795,single_cik,0
12590,CTO,2022-07-01,3,linked,0000023795,single_cik,0
12605,CTRM,2021-05-28,0.1,no_recent_evidence:never_seen,,,0
12684,CVEO,2020-11-20,0.083333336,linked,0001590584,single_cik,0
12739,CWEB,2022-05-31,0.1,no_recent_evidence:never_seen,,,0
12766,CXSE,2020-10-19,2,no_recent_evidence:never_seen,,,0
12795,CYRN,2022-02-09,0.05,vendor_symbol_collision,,,0
12796,CYRNQ,2022-02-09,0.05,vendor_symbol_collision,,,0
12846,DALN,2021-06-08,0.25,no_recent_evidence:never_seen,,,0
13082,DFFN,2022-04-19,0.02,linked,0001053691,single_cik,0
13214,DIG,2021-05-25,2,no_recent_evidence:never_seen,,,0
13214,DIG,2022-05-27,4,no_recent_evidence:never_seen,,,0
13295,DLPN,2020-11-27,0.2,linked,0001282224,single_cik,0
13384,DNL,2021-06-10,2,no_recent_evidence:never_seen,,,0
13416,DOMH,2022-06-07,0.05882353,no_recent_evidence:never_seen,,,0
13457,DQ,2020-11-17,5,no_recent_evidence:never_seen,,,0
13483,DRIP,2020-08-28,0.1,no_recent_evidence:never_seen,,,0
13483,DRIP,2022-03-28,0.1,no_recent_evidence:never_seen,,,0
13507,DRV,2021-10-25,0.1,no_recent_evidence,,,0
13526,DSE,2020-11-09,0.00990099,linked,0001603998,single_cik,0
13533,DSI,2020-12-07,2,no_recent_evidence:never_seen,,,0
13606,DTST,2021-05-14,0.025,linked,0001419951,single_cik,0
13628,DUG,2022-01-13,0.2,no_recent_evidence:never_seen,,,0
13643,DUO,2022-06-07,0.06666667,no_recent_evidence:never_seen,,,0
13708,DXCM,2022-06-13,4,linked,0001093557,single_cik,1
13710,DXD,2022-01-13,0.2,no_recent_evidence:never_seen,,,0
13906,EDU,2021-03-12,10,no_recent_evidence:never_seen,,,0
13906,EDU,2022-04-08,0.1,no_recent_evidence:never_seen,,,0
13999,EGLE,2020-09-15,0.14285715,linked,0001322439,single_cik,0
14072,ELDN,2020-10-05,0.0555556,no_recent_evidence:never_seen,,,0
14095,ELP,2021-03-18,10,no_recent_evidence:never_seen,,,0
14095,ELP,2021-04-28,0.2,no_recent_evidence:never_seen,,,0
14202,EMWP,2022-02-08,0.05,no_recent_evidence:never_seen,,,0
14258,ENOV,2022-04-05,0.581,no_recent_evidence,,,0
14259,ENPC,2021-03-26,2.5,linked,0001816261,single_cik,1
14272,ENSV,2020-11-23,0.0666667,linked,0000319458,single_cik,0
14280,ENTO,2021-09-13,0.1,no_recent_evidence:never_seen,,,0
14288,ENVB,2020-12-31,0.25,no_recent_evidence:never_seen,,,0
14288,ENVB,2022-07-15,0.02,linked,0000890821,single_cik,0
14437,ERNA,2021-03-26,0.5,no_recent_evidence:never_seen,,,0
14449,ERY,2022-05-31,0.1,no_recent_evidence:never_seen,,,0
14475,ESGC,2022-02-08,0.05,no_recent_evidence:never_seen,,,0
14645,EVFM,2022-05-06,0.06666667,linked,0001618835,single_cik,0
14646,EVFMD,2022-05-06,0.06666667,no_recent_evidence:never_seen,,,0
14682,EVOK,2022-05-23,0.083333336,linked,0001403708,single_cik,0
14756,EXC,2022-02-02,1.40261936360915,linked,0001109357,single_cik,1
14780,EXPI,2021-02-16,2,linked,0001495932,single_cik,0
14798,EYPT,2020-12-09,0.1,linked,0001314102,single_cik,0
14833,FAMI,2022-05-31,0.04,no_recent_evidence:never_seen,,,0
14856,FAZ,2021-03-02,0.125,no_recent_evidence:never_seen,,,0
15007,FEDU,2022-06-21,0.05,no_recent_evidence:never_seen,,,0
15028,FENG,2022-05-23,0.16666667,no_recent_evidence:never_seen,,,0
15039,FET,2020-11-10,0.05,linked,0001401257,single_cik,0
15082,FGBI,2021-12-14,1.1,linked,0001408534,single_cik,0
15209,FIZZ,2021-02-22,2,linked,0000069891,single_cik,1
15265,FLJ,2022-03-07,0.2,no_recent_evidence:never_seen,,,0
15405,FNGD,2021-12-06,0.05,no_recent_evidence:never_seen,,,0
15411,FNGU,2021-02-12,10,no_recent_evidence:never_seen,,,0
15562,FRGT,2020-10-29,0.2,no_recent_evidence:never_seen,,,0
15562,FRGT,2022-02-15,0.45454547,no_recent_evidence:never_seen,,,0
15594,FRTX,2022-07-05,0.022222223,no_recent_evidence:never_seen,,,0
15615,FSBW,2021-07-15,2,linked,0001530249,single_cik,0
15625,FSFG,2021-09-16,3,linked,0001435508,succession,0
15744,FTNT,2022-06-23,5,linked,0001262039,single_cik,1
15802,FURY,2020-10-13,0.675627,no_recent_evidence:never_seen,,,0
15837,FWBI,2021-09-13,0.1,no_recent_evidence:never_seen,,,0
16105,GE,2021-08-02,0.125,linked,0000040545,single_cik,1
16109,GECC,2022-02-28,0.16666667,linked,0001675033,single_cik,1
16215,GGE,2020-09-02,0.5,no_recent_evidence,,,0
16216,GGEI,2020-09-02,0.5,no_recent_evidence:never_seen,,,0
16266,GHI,2022-04-04,0.33333334,no_recent_evidence,,,0
16279,GHSI,2021-03-01,0.16666667,linked,0001642375,single_cik,0
16373,GLBS,2020-10-21,0.01,no_recent_evidence:never_seen,,,0
16383,GLDM,2022-02-23,0.5,no_recent_evidence:never_seen,,,0
16484,GME,2022-07-22,4,linked,0001326380,single_cik,0
16575,GNTY,2021-02-04,1.1,linked,0001058867,single_cik,0
16613,GOOG,2022-07-18,20,linked,0001652044,single_cik,1
16614,GOOGL,2022-07-18,20,no_recent_evidence,,,0
16654,GPL,2022-07-25,0.1,no_recent_evidence:never_seen,,,0
16719,GRN,2021-06-04,4,no_recent_evidence,,,0
16725,GRNQ,2022-07-28,0.1,linked,0001597846,single_cik,0
16727,GRNT,2021-03-26,2.5,no_recent_evidence:never_seen,,,0
16815,GSK,2022-07-19,0.8,no_recent_evidence:never_seen,,,0
17148,HDGE,2021-02-08,0.1,no_recent_evidence:never_seen,,,0
17219,HEXO,2020-12-23,0.25,no_recent_evidence:never_seen,,,0
17225,HFBL,2021-04-01,2,linked,0001500375,single_cik,0
17258,HGSH,2020-09-02,0.5,no_recent_evidence,,,0
17290,HIBL,2021-03-02,7,no_recent_evidence:never_seen,,,0
17291,HIBS,2021-01-11,0.05,no_recent_evidence:never_seen,,,0
17334,HJLI,2020-11-30,0.04,linked,0001661053,single_cik,0
17500,HPR,2020-10-30,0.02,linked,0001725526,single_cik,0
17552,HSDT,2021-01-04,0.028571429,linked,0001610853,single_cik,0
17576,HSTO,2022-06-03,0.05,linked,0001383701,single_cik,0
17586,HTBX,2020-12-11,0.142857,linked,0001476963,single_cik,0
17597,HTGM,2020-11-23,0.06666667,vendor_symbol_collision,,,0
17598,HTGMQ,2020-11-23,0.06666667,vendor_symbol_collision,,,0
17662,HUSA,2020-08-03,0.08,linked,0001156041,single_cik,0
17674,HUSN,2020-10-29,0.2,no_recent_evidence:never_seen,,,0
17674,HUSN,2022-02-15,0.45454547,no_recent_evidence:never_seen,,,0
17688,HWBK,2022-06-14,1.04,linked,0000893847,single_cik,0
17697,HWKN,2021-03-02,2,linked,0000046250,single_cik,0
17703,HX,2020-08-24,0.333333,no_recent_evidence,,,0
17801,IAU,2021-05-24,0.5,no_recent_evidence:never_seen,,,0
17981,IDU,2020-12-07,2,no_recent_evidence:never_seen,,,0
18096,IHI,2021-07-19,6,no_recent_evidence:never_seen,,,0
18132,IJJ,2020-10-19,2,no_recent_evidence:never_seen,,,0
18133,IJK,2020-10-19,4,no_recent_evidence:never_seen,,,0
18136,IJS,2020-10-19,2,no_recent_evidence:never_seen,,,0
18137,IJT,2020-10-19,2,no_recent_evidence:never_seen,,,0
18148,ILCB,2021-04-19,4,no_recent_evidence:never_seen,,,0
18149,ILCG,2021-04-19,5,no_recent_evidence:never_seen,,,0
18176,IMCB,2021-04-19,4,no_recent_evidence,,,0
18180,IMCG,2021-04-19,6,no_recent_evidence:never_seen,,,0
18182,IMCV,2021-04-19,3,no_recent_evidence:never_seen,,,0
18199,IMNN,2022-03-01,0.06666667,no_recent_evidence:never_seen,,,0
18275,INDP,2020-10-30,0.05,no_recent_evidence:never_seen,,,0
18275,INDP,2021-07-27,0.25,no_recent_evidence:never_seen,,,0
18314,INMD,2021-10-01,2,no_recent_evidence,,,0
18443,IPI,2020-08-14,0.1,linked,0001421461,single_cik,0
18519,IRCP,2021-07-27,4.295,no_recent_evidence:never_seen,,,0
18570,ISCB,2021-04-19,4,no_recent_evidence:never_seen,,,0
18572,ISCG,2021-04-19,6,no_recent_evidence:never_seen,,,0
18573,ISCV,2021-04-19,3,no_recent_evidence:never_seen,,,0
18592,ISIG,2021-01-04,0.142857,linked,0000875355,single_cik,0
18616,ISRG,2021-10-05,3,linked,0001035267,single_cik,1
18675,ITP,2022-07-08,0.1,no_recent_evidence,,,0
18728,IVR,2022-06-06,0.1,linked,0001437071,single_cik,0
18738,IVW,2020-10-19,4,no_recent_evidence:never_seen,,,0
18756,IWP,2020-12-07,2,no_recent_evidence:never_seen,,,0
18771,IXN,2021-07-19,6,no_recent_evidence:never_seen,,,0
18776,IYC,2020-12-07,4,no_recent_evidence:never_seen,,,0
18778,IYF,2020-12-07,2,no_recent_evidence:never_seen,,,0
18786,IYW,2020-12-07,4,no_recent_evidence:never_seen,,,0
18787,IYY,2020-12-07,2,no_recent_evidence:never_seen,,,0
18801,JAGX,2021-09-08,0.33333334,linked,0001585608,single_cik,0
18855,JCS,2022-03-21,0.25,linked,0000022701,single_cik,0
18869,JE,2020-09-29,0.030303,no_recent_evidence:never_seen,,,0
18878,JENGQ,2020-09-29,0.030303,no_recent_evidence:never_seen,,,0
18960,JILL,2020-11-10,0.2,linked,0001687932,single_cik,0
18964,JJA,2021-06-04,3,no_recent_evidence:never_seen,,,0
18967,JJC,2021-06-04,3,no_recent_evidence:never_seen,,,0
18979,JJN,2021-06-04,3,no_recent_evidence:never_seen,,,0
19157,JT,2020-10-30,0.125,no_recent_evidence:never_seen,,,0
19162,JTCHY,2020-10-30,0.125,no_recent_evidence:never_seen,,,0
19219,KA,2020-12-23,0.05,no_recent_evidence:never_seen,,,0
19246,KANT,2020-12-23,0.05,no_recent_evidence:never_seen,,,0
19312,KDNY,2020-10-02,0.2,no_recent_evidence:never_seen,,,0
19462,KMPH,2020-12-28,0.0625,linked,0001434647,single_cik,0
19491,KNTK,2022-06-09,2,linked,0001692787,single_cik,0
19505,KOLD,2022-01-14,0.2,no_recent_evidence:never_seen,,,0
19601,KTOV,2020-08-21,0.1,no_recent_evidence:never_seen,,,0
19671,LABD,2020-08-28,0.05,no_recent_evidence:never_seen,,,0
19690,LAIX,2022-03-04,0.071428575,no_recent_evidence:never_seen,,,0
19703,LARK,2020-12-01,1.05,linked,0001141688,single_cik,0
19703,LARK,2021-11-30,1.05,linked,0001141688,single_cik,0
19810,LDWY,2021-01-04,0.14285715,no_recent_evidence:never_seen,,,0
19821,LEE,2021-03-15,0.1,linked,0000058361,single_cik,1
19835,LEJU,2022-05-20,0.1,no_recent_evidence:never_seen,,,0
19836,LEJUY,2022-05-20,0.1,no_recent_evidence:never_seen,,,0
19914,LGMK,2021-10-18,0.1,no_recent_evidence:never_seen,,,0
20050,LLIT,2020-10-26,0.125,no_recent_evidence:never_seen,,,0
20074,LMFA,2021-05-07,0.2,linked,0001640384,single_cik,0
20215,LRFC,2020-08-24,0.16666667,no_recent_evidence:never_seen,,,0
20251,LSI,2021-01-28,1.5,linked,0000944314,single_cik,0
20360,LXU,2021-10-12,1.3,linked,0000060714,single_cik,0
20485,MBIN,2022-01-18,1.5,linked,0001629019,single_cik,0
20501,MBRX,2021-02-01,0.16666667,linked,0001659617,single_cik,0
20555,MCHP,2021-10-13,2,linked,0000827054,single_cik,1
20596,MDC,2021-03-02,1.08,linked,0000773141,single_cik,1
20621,MDLY,2020-11-02,0.1,linked,0001611110,single_cik,0
20639,MDVL,2020-11-18,0.083333336,vendor_symbol_collision,,,0
20640,MDVLQ,2020-11-18,0.083333336,vendor_symbol_collision,,,0
20722,METX,2022-05-06,0.0333333333333333,no_recent_evidence:never_seen,,,0
20733,MFA,2022-04-05,0.25,linked,0001055160,single_cik,0
20780,MGEN,2020-11-13,0.0666667,linked,0001590750,single_cik,0
20910,MITT,2021-07-23,0.33333334,linked,0001514281,single_cik,0
20930,MKC,2020-12-01,2,linked,0000063754,single_cik,0
20931,MKC_V,2020-12-01,2,no_recent_evidence:never_seen,,,0
20932,MKD,2022-05-23,0.06666667,no_recent_evidence:never_seen,,,0
21003,MMAT,2021-06-28,0.5,no_recent_evidence:never_seen,,,0
21030,MMV,2021-10-01,0.2857143,no_recent_evidence,,,0
21110,MOGU,2022-03-28,0.083333336,no_recent_evidence:never_seen,,,0
21150,MOTS,2022-07-26,0.05,linked,0001686850,single_cik,0
21182,MPU,2022-01-10,5,no_recent_evidence:never_seen,,,0
21230,MRNS,2020-09-23,0.25,linked,0001267813,single_cik,0
21237,MRTN,2020-08-14,1.5,linked,0000799167,single_cik,1
21356,MTC,2022-07-13,0.1,no_recent_evidence:never_seen,,,0
21382,MTMT,2022-01-10,5,no_recent_evidence:never_seen,,,0
21442,MUTE,2020-08-28,0.1,no_recent_evidence:never_seen,,,0
21443,MUX,2022-07-28,0.1,linked,0000314203,single_cik,0
21517,MYMD,2021-04-19,0.5,no_recent_evidence:never_seen,,,0
21536,MYT,2020-08-27,0.1,no_recent_evidence:never_seen,,,0
21548,NAAS,2022-06-13,0.2,no_recent_evidence:never_seen,,,0
21624,NBRV,2020-12-03,0.1,linked,0001641640,single_cik,0
21625,NBRVF,2020-12-03,0.1,no_recent_evidence:never_seen,,,0
21667,NCSM,2020-12-01,0.05,linked,0001692427,single_cik,0
21668,NCTY,2020-10-19,0.1,no_recent_evidence:never_seen,,,0
21705,NEE,2020-10-27,4,linked,0000753308,single_cik,1
21723,NEGG,2020-10-26,0.125,no_recent_evidence:never_seen,,,0
21727,NEOG,2021-06-07,2,linked,0000711377,single_cik,1
21735,NEPT,2022-06-13,0.028571429,linked,0001401395,single_cik,0
21736,NEPTF,2022-06-13,0.028571429,no_recent_evidence:never_seen,,,0
21738,NERV,2022-06-21,0.125,linked,0001598646,single_cik,0
21760,NEW,2022-01-31,0.1,no_recent_evidence,,,0
21871,NHWK,2020-12-11,0.14285715,no_recent_evidence,,,0
22029,NOG,2020-09-21,0.1,linked,0001104485,single_cik,0
22051,NOVN,2021-05-26,0.1,vendor_symbol_collision,,,0
22052,NOVNQ,2021-05-26,0.1,vendor_symbol_collision,,,0
22124,NRGD,2021-03-29,0.1,no_recent_evidence:never_seen,,,0
22124,NRGD,2022-04-11,0.02,no_recent_evidence:never_seen,,,0
22126,NRGU,2020-10-12,0.05,no_recent_evidence:never_seen,,,0
22176,NSPR,2021-04-27,0.0666667,linked,0001433607,single_cik,1
22185,NSSC,2022-01-05,2,linked,0000069633,single_cik,0
22212,NTEC,2020-10-30,0.05,linked,0001638381,single_cik,0
22212,NTEC,2021-07-27,0.25,linked,0001638381,single_cik,0
22213,NTES,2020-10-02,5,no_recent_evidence:never_seen,,,0
22320,NUWE,2020-10-19,0.033333335,no_recent_evidence:never_seen,,,0
22332,NVCN,2022-04-29,0.04,no_recent_evidence:never_seen,,,0
22336,NVDA,2021-07-20,4,linked,0001045810,single_cik,1
22354,NVIV,2022-04-27,0.04,vendor_symbol_collision,,,0
22355,NVIVQ,2022-04-27,0.04,vendor_symbol_collision,,,0
22362,NVNO,2020-11-30,0.04,no_recent_evidence:never_seen,,,0
22385,NVUS,2020-10-05,0.0555556,linked,0001404281,single_cik,0
22444,NXTD,2021-10-18,0.1,linked,0001566826,single_cik,0
22555,OCCI,2022-03-14,1.044752,linked,0001716951,single_cik,1
22575,OCN,2020-08-14,0.06666667,linked,0000873860,single_cik,0
22591,OCUP,2020-11-06,0.25,no_recent_evidence:never_seen,,,0
22745,ONE,2022-01-24,0.04,linked,0001722380,single_cik,0
22749,ONEQ,2021-04-07,10,no_recent_evidence:never_seen,,,0
22759,ONIT,2020-08-14,0.06666667,no_recent_evidence:never_seen,,,0
22775,ONTX,2021-05-21,0.0666667,linked,0001130598,single_cik,0
22778,ONVO,2020-08-19,0.05,linked,0001497253,single_cik,0
23068,PALI,2021-04-28,0.16666667,no_recent_evidence:never_seen,,,0
23094,PASS,2020-08-28,0.1,no_recent_evidence:never_seen,,,0
23244,PDS,2020-11-12,0.05,no_recent_evidence:never_seen,,,0
23279,PEGY,2022-03-21,0.25,no_recent_evidence:never_seen,,,0
23280,PEI,2022-06-16,0.06666667,linked,0000077281,single_cik,0
23319,PETZ,2022-06-14,0.05,no_recent_evidence:never_seen,,,0
23565,PLM,2020-08-26,0.1,no_recent_evidence:never_seen,,,0
23595,PLUS,2021-12-14,2,linked,0001022408,single_cik,1
23719,POTX,2022-06-13,0.16666667,no_recent_evidence:never_seen,,,0
23722,POWI,2020-08-19,2,linked,0000833640,single_cik,1
23734,PPBT,2020-08-21,0.1,no_recent_evidence:never_seen,,,0
23807,PRET,2022-06-16,0.06666667,vendor_symbol_collision,,,0
23808,PRETQ,2022-06-16,0.06666667,vendor_symbol_collision,,,0
24008,PSHG,2020-11-02,0.1,no_recent_evidence:never_seen,,,0
24059,PT,2022-05-16,0.2,no_recent_evidence:never_seen,,,0
24069,PTE,2022-05-17,0.04,linked,0001076682,single_cik,0
24071,PTEIQ,2022-05-17,0.04,no_recent_evidence:never_seen,,,0
24104,PTMN,2021-08-26,0.1,linked,0001372807,single_cik,1
24124,PTSI,2021-08-17,2,linked,0000798287,single_cik,0
24124,PTSI,2022-03-30,2,linked,0000798287,single_cik,0
24147,PULM,2022-03-01,0.05,linked,0001574235,single_cik,0
24216,PXS,2022-05-13,0.25,no_recent_evidence:never_seen,,,0
24323,QID,2021-01-21,0.25,no_recent_evidence:never_seen,,,0
24332,QK,2022-03-07,0.2,no_recent_evidence:never_seen,,,0
24336,QLD,2020-08-18,2,no_recent_evidence:never_seen,,,0
24336,QLD,2021-05-25,2,no_recent_evidence:never_seen,,,0
24359,QNRX,2021-09-24,0.25,no_recent_evidence:never_seen,,,0
24400,QRTEA,2020-09-15,1.384372,linked,0001355096,single_cik,1
24401,QRTEB,2020-09-15,1.3800437,no_recent_evidence:never_seen,,,0
24415,QSY,2021-06-10,2,no_recent_evidence:never_seen,,,0
24437,QTT,2021-12-10,0.1,no_recent_evidence:never_seen,,,0
24656,REAX,2021-07-23,4,no_recent_evidence:never_seen,,,0
24662,REDU,2022-06-10,0.2,no_recent_evidence:never_seen,,,0
24684,REK,2022-01-13,0.5,no_recent_evidence:never_seen,,,0
24716,REPX,2021-03-01,0.083333336,no_recent_evidence:never_seen,,,0
24725,RETL,2021-01-11,5,no_recent_evidence:never_seen,,,0
24741,REW,2020-08-18,0.25,no_recent_evidence:never_seen,,,0
24741,REW,2022-01-13,0.5,no_recent_evidence:never_seen,,,0
24796,RGLS,2022-06-29,0.1,linked,0001505512,single_cik,0
24813,RGTPQ,2022-05-17,0.04,no_recent_evidence:never_seen,,,0
24895,RJF,2021-09-22,1.5,linked,0000720005,single_cik,1
24948,RMED,2020-11-17,0.04,linked,0001716621,single_cik,0
24979,RMTI,2022-05-13,0.09090909,linked,0001041024,single_cik,0
25066,ROL,2020-12-11,1.5,linked,0000084839,single_cik,1
25070,ROM,2020-08-18,4,no_recent_evidence:never_seen,,,0
25070,ROM,2022-01-13,2,no_recent_evidence:never_seen,,,0
25161,RSLS,2021-06-16,0.33333334,linked,0001371217,single_cik,0
25244,RUSHA,2020-10-13,1.5,no_recent_evidence:never_seen,,,0
25245,RUSHB,2020-10-13,1.5,no_recent_evidence,,,0
25318,RXL,2021-01-21,2,no_recent_evidence:never_seen,,,0
25406,SAL,2022-07-01,2,linked,0001060219,single_cik,0
25418,SAN,2020-11-12,1.0434783,no_recent_evidence,,,0
25480,SBET,2021-07-28,0.5,no_recent_evidence:never_seen,,,0
25486,SBFG,2022-01-20,1.05,linked,0000767405,single_cik,0
25510,SBM,2022-01-13,0.2,no_recent_evidence:never_seen,,,0
25555,SCC,2020-08-18,0.5,no_recent_evidence,,,0
25555,SCC,2022-05-27,0.5,no_recent_evidence,,,0
25580,SCHA,2022-03-11,2,no_recent_evidence:never_seen,,,0
25581,SCHB,2022-03-11,2,no_recent_evidence:never_seen,,,0
25586,SCHG,2022-03-11,2,no_recent_evidence:never_seen,,,0
25587,SCHH,2022-03-11,2,no_recent_evidence:never_seen,,,0
25605,SCHX,2022-03-11,2,no_recent_evidence:never_seen,,,0
25636,SCO,2021-05-26,0.25,no_recent_evidence,,,0
25636,SCO,2022-05-26,0.2,no_recent_evidence,,,0
25645,SCON,2020-09-10,0.1,linked,0000895665,single_cik,0
25646,SCOND,2020-09-10,0.1,no_recent_evidence:never_seen,,,0
25654,SCPX,2020-12-11,0.14285715,no_recent_evidence:never_seen,,,0
25655,SCPXD,2020-12-11,0.14285715,no_recent_evidence:never_seen,,,0
25676,SCVL,2021-07-20,2,linked,0000895447,single_cik,0
25720,SDP,2021-01-21,0.5,no_recent_evidence:never_seen,,,0
25727,SDS,2022-01-13,0.2,no_recent_evidence:never_seen,,,0
25810,SF,2020-12-17,1.5,linked,0000720672,single_cik,1
25873,SGH,2022-02-02,2,linked,0001616533,single_cik,0
25965,SHOP,2022-06-29,10,no_recent_evidence:never_seen,,,0
25994,SHW,2021-04-01,3,linked,0000089800,single_cik,1
26059,SISI,2020-08-17,0.11111111,no_recent_evidence:never_seen,,,0
26111,SKF,2021-01-21,0.5,no_recent_evidence:never_seen,,,0
26111,SKF,2022-01-13,0.5,no_recent_evidence:never_seen,,,0
26125,SKM,2021-11-30,0.6073625,no_recent_evidence:never_seen,,,0
26170,SLG,2020-12-14,1.0343,linked,0001040971,single_cik,0
26170,SLG,2021-01-21,0.9716473,linked,0001040971,single_cik,0
26170,SLG,2021-12-14,1.0306026,linked,0001040971,single_cik,0
26170,SLG,2022-01-24,0.97030854,linked,0001040971,single_cik,0
26243,SMC,2020-11-10,0.06666667,no_recent_evidence,,,0
26280,SMLP,2020-11-10,0.0666667,linked,0001549922,single_cik,0
26291,SMN,2021-05-25,0.5,no_recent_evidence:never_seen,,,0
26339,SNDA,2020-12-14,0.06666667,no_recent_evidence:never_seen,,,0
26343,SNDL,2022-07-26,0.1,no_recent_evidence:never_seen,,,0
26351,SNFCA,2021-07-08,1.05,linked,0000318673,single_cik,0
26351,SNFCA,2022-06-30,1.05,linked,0000318673,single_cik,0
26389,SNSS,2020-09-03,0.1,linked,0001061027,single_cik,0
26453,SONM,2021-09-16,0.1,linked,0001178697,single_cik,0
26464,SOS,2022-07-06,0.02,no_recent_evidence:never_seen,,,0
26474,SOXL,2021-03-02,15,no_recent_evidence:never_seen,,,0
26477,SOXS,2020-08-28,0.0833333333333333,no_recent_evidence:never_seen,,,0
26477,SOXS,2022-03-28,0.1,no_recent_evidence:never_seen,,,0
26651,SPXS,2021-01-11,0.1,no_recent_evidence:never_seen,,,0
26653,SPXU,2021-01-21,0.2,no_recent_evidence:never_seen,,,0
26685,SQQQ,2020-08-18,0.2,no_recent_evidence:never_seen,,,0
26685,SQQQ,2022-01-13,0.2,no_recent_evidence:never_seen,,,0
26716,SRGA,2022-05-17,0.0333333333333333,vendor_symbol_collision,,,0
26717,SRGAQ,2022-05-17,0.0333333333333333,vendor_symbol_collision,,,0
26724,SRL,2021-05-13,1.09,no_recent_evidence:never_seen,,,0
26724,SRL,2021-11-12,1.08,no_recent_evidence:never_seen,,,0
26747,SRTY,2021-01-21,0.2,no_recent_evidence:never_seen,,,0
26747,SRTY,2022-01-13,0.2,no_recent_evidence:never_seen,,,0
26760,SSBI,2021-10-28,1.1,no_recent_evidence,,,0
26781,SSO,2020-08-18,2,no_recent_evidence:never_seen,,,0
26781,SSO,2022-01-13,2,no_recent_evidence:never_seen,,,0
26817,STAF,2021-07-01,0.16666667,linked,0001499717,single_cik,0
26817,STAF,2022-06-24,0.1,linked,0001499717,single_cik,0
26854,STG,2021-08-31,0.08,no_recent_evidence,,,0
26912,STR,2022-06-06,0.25,no_recent_evidence,,,0
27012,SUSA,2020-12-07,2,no_recent_evidence,,,0
27084,SWI,2021-08-02,0.5,linked,0001739942,single_cik,1
27122,SXTC,2021-02-22,0.25,no_recent_evidence:never_seen,,,0
27122,SXTC,2022-05-19,0.05,no_recent_evidence:never_seen,,,0
27144,SYN,2022-07-25,0.1,linked,0000894158,single_cik,0
27212,TANH,2022-02-28,0.1,no_recent_evidence:never_seen,,,0
27266,TBLT,2022-04-25,0.006666667,linked,0001668370,single_cik,0
27356,TCTM,2021-12-23,0.2,no_recent_evidence:never_seen,,,0
27408,TECL,2021-03-02,10,no_recent_evidence:never_seen,,,0
27409,TECS,2021-10-25,0.1,no_recent_evidence:never_seen,,,0
27414,TEDU,2021-12-23,0.2,no_recent_evidence:never_seen,,,0
27415,TEF,2021-06-01,1.05,no_recent_evidence:never_seen,,,0
27415,TEF,2022-06-01,1.032258,no_recent_evidence:never_seen,,,0
27441,TEO,2020-11-20,1.9972174,no_recent_evidence:never_seen,,,0
27754,TNFA,2021-04-19,0.5,no_recent_evidence:never_seen,,,0
27773,TNXP,2022-05-17,0.03125,linked,0001430306,single_cik,0
27796,TOPS,2020-08-10,0.04,no_recent_evidence,,,0
27813,TOVX,2022-07-25,0.1,no_recent_evidence:never_seen,,,0
27859,TPST,2021-06-28,0.0666667,no_recent_evidence:never_seen,,,0
27866,TPX,2020-11-24,4,linked,0001206264,single_cik,0
27870,TQQQ,2021-01-21,2,no_recent_evidence:never_seen,,,0
27870,TQQQ,2022-01-13,2,no_recent_evidence:never_seen,,,0
27876,TRAW,2021-05-21,0.06666667,no_recent_evidence:never_seen,,,0
27894,TREX,2020-09-15,2,linked,0001069878,single_cik,1
27958,TRQ,2020-10-26,0.1,no_recent_evidence,,,0
27963,TRST,2021-05-28,0.2,linked,0000357301,single_cik,0
28015,TSLA,2020-08-31,5,linked,0001318605,single_cik,1
28057,TTD,2021-06-17,10,linked,0001671933,single_cik,0
28070,TTNP,2020-12-01,0.033333335,linked,0000910267,single_cik,0
28098,TURN,2021-01-04,0.333333,linked,0000893739,single_cik,0
28144,TWM,2021-01-21,0.25,no_recent_evidence:never_seen,,,0
28180,TXMD,2022-05-09,0.02,linked,0000025743,single_cik,0
28202,TYHT,2020-08-17,0.111111,no_recent_evidence,,,0
28212,TZA,2021-03-02,0.125,no_recent_evidence:never_seen,,,0
28243,UAN,2020-11-24,0.1,linked,0001425292,single_cik,0
28281,UBT,2020-08-18,2,no_recent_evidence:never_seen,,,0
28290,UCC,2020-08-18,2,no_recent_evidence:never_seen,,,0
28290,UCC,2022-01-13,2,no_recent_evidence:never_seen,,,0
28297,UCO,2022-05-26,4,no_recent_evidence,,,0
28336,UGE,2022-01-13,4,no_recent_evidence:never_seen,,,0
28360,UK,2022-04-22,0.05,no_recent_evidence:never_seen,,,0
28435,UPRO,2022-01-13,2,no_recent_evidence:never_seen,,,0
28499,USD,2021-05-25,4,no_recent_evidence:never_seen,,,0
28510,USFR,2022-03-24,0.5,no_recent_evidence:never_seen,,,0
28552,USWS,2021-10-01,0.2857143,linked,0001670349,single_cik,0
28578,UTSI,2022-06-29,0.25,no_recent_evidence,,,0
28613,UYM,2022-05-27,4,no_recent_evidence:never_seen,,,0
28742,VER,2020-12-18,0.2,linked,0001507385,single_cik,0
28848,VINO,2021-02-17,0.06666667,linked,0001559998,single_cik,1
28859,VIRX,2020-09-03,0.1,no_recent_evidence:never_seen,,,0
28859,VIRX,2021-02-25,0.2857143,linked,0001061027,single_cik,0
28862,VISL,2020-08-03,0.16666667,linked,0001565228,single_cik,0
28867,VIVE,2020-12-02,0.1,linked,0000879682,single_cik,0
28873,VJET,2020-08-14,0.2,no_recent_evidence:never_seen,,,0
28988,VONG,2021-04-20,4,no_recent_evidence:never_seen,,,0
28989,VONV,2021-04-20,2,no_recent_evidence:never_seen,,,0
29038,VRDN,2020-11-13,0.0666667,no_recent_evidence:never_seen,,,0
29051,VRNS,2021-03-15,3,linked,0001361113,single_cik,1
29052,VRNT,2021-02-02,1.963,linked,0001166388,single_cik,1
29119,VTAK,2020-11-17,0.04,no_recent_evidence:never_seen,,,0
29157,VTWO,2021-04-20,2,no_recent_evidence:never_seen,,,0
29202,VYNE,2021-02-16,0.25,linked,0001566044,single_cik,0
29317,WEBS,2020-08-28,0.1,no_recent_evidence:never_seen,,,0
29322,WEI,2022-01-26,0.2,no_recent_evidence:never_seen,,,0
29448,WKEY,2022-06-23,0.5,no_recent_evidence:never_seen,,,0
29477,WMC,2022-07-11,0.1,linked,0001465885,single_cik,0
29524,WPG,2020-12-22,0.111111,linked,0001594686,single_cik,0
29525,WPGGQ,2020-12-22,0.11111111,no_recent_evidence:never_seen,,,0
29547,WRB,2022-03-24,1.5,linked,0000011544,single_cik,1
29632,WTV,2021-06-10,2,no_recent_evidence:never_seen,,,0
29663,WYY,2020-11-09,0.1,linked,0001034760,single_cik,0
29776,XCUR,2022-06-30,0.0333333333333333,linked,0001698530,single_cik,0
29819,XELA,2021-01-26,0.33333334,linked,0001620179,single_cik,0
29819,XELA,2022-07-26,0.05,linked,0001620179,single_cik,0
29902,XHG,2022-03-07,0.2,no_recent_evidence:never_seen,,,0
30222,XPRO,2021-10-04,0.16666667,no_recent_evidence:never_seen,,,0
30325,XYF,2020-11-19,0.33333334,no_recent_evidence:never_seen,,,0
30382,YINN,2022-05-31,0.05,no_recent_evidence:never_seen,,,0
30385,YLD,2021-08-31,2,no_recent_evidence:never_seen,,,0
30393,YMTX,2020-12-23,0.05,no_recent_evidence:never_seen,,,0
30408,YQ,2021-11-17,0.25,no_recent_evidence:never_seen,,,0
30567,ZSAN,2022-04-12,0.028571429,vendor_symbol_collision,,,0
30568,ZSANQ,2022-04-12,0.028571429,vendor_symbol_collision,,,0
30597,ZVRA,2020-12-28,0.0625,no_recent_evidence:never_seen,,,0
