name,sign
age,-1
aliq_at,-1
aliq_mat,-1
ami_126d,1
at_be,-1
at_gr1,-1
at_me,1
at_turnover,1
be_gr1a,-1
be_me,1
beta_60m,-1
beta_dimson_21d,-1
betabab_1260d,-1
betadown_252d,-1
bev_mev,1
bidaskhl_21d,1
capex_abn,-1
capx_gr1,-1
capx_gr2,-1
capx_gr3,-1
cash_at,1
chcsho_12m,-1
coa_gr1a,-1
col_gr1a,-1
cop_at,1
cop_atl1,1
corr_1260d,-1
coskew_21d,-1
cowc_gr1a,-1
dbnetis_at,-1
debt_gr3,-1
debt_me,1
dgp_dsale,1
div12m_me,1
dolvol_126d,-1
dolvol_var_126d,-1
dsale_dinv,1
dsale_drec,-1
dsale_dsga,1
earnings_variability,-1
ebit_bev,1
ebit_sale,1
ebitda_mev,1
emp_gr1,-1
eq_dur,-1
eqnetis_at,-1
eqnpo_12m,1
eqnpo_me,1
eqpo_me,1
f_score,1
fcf_me,1
fnl_gr1a,-1
gp_at,1
gp_atl1,1
inv_gr1,-1
inv_gr1a,-1
iskew_capm_21d,-1
iskew_ff3_21d,-1
iskew_hxz4_21d,-1
ival_me,1
ivol_capm_21d,-1
ivol_capm_252d,-1
ivol_ff3_21d,-1
ivol_hxz4_21d,-1
kz_index,1
lnoa_gr1a,-1
lti_gr1a,-1
market_equity,-1
mispricing_mgmt,1
mispricing_perf,1
ncoa_gr1a,-1
ncol_gr1a,-1
netdebt_me,-1
netis_at,-1
nfna_gr1a,1
ni_ar1,1
ni_be,1
ni_inc8q,1
ni_ivol,1
ni_me,1
niq_at,1
niq_at_chg1,1
niq_be,1
niq_be_chg1,1
niq_su,1
nncoa_gr1a,-1
noa_at,-1
noa_gr1a,-1
o_score,-1
oaccruals_at,-1
oaccruals_ni,-1
ocf_at,1
ocf_at_chg1,1
ocf_me,1
ocfq_saleq_std,-1
op_at,1
op_atl1,1
ope_be,1
ope_bel1,1
opex_at,1
pi_nix,1
ppeinv_gr1a,-1
prc,-1
prc_highprc_252d,1
qmj,1
qmj_growth,1
qmj_prof,1
qmj_safety,1
rd5_at,1
rd_me,1
rd_sale,1
resff3_12_1,1
resff3_6_1,1
ret_12_1,1
ret_12_7,1
ret_1_0,-1
ret_3_1,1
ret_60_12,-1
ret_6_1,1
ret_9_1,1
rmax1_21d,-1
rmax5_21d,-1
rmax5_rvol_21d,-1
rskew_21d,-1
rvol_21d,-1
sale_bev,1
sale_emp_gr1,1
sale_gr1,-1
sale_gr3,-1
sale_me,1
saleq_gr1,-1
saleq_su,1
seas_11_15an,1
seas_11_15na,-1
seas_16_20an,-1
seas_16_20na,1
seas_1_1an,1
seas_1_1na,1
seas_2_5an,1
seas_2_5na,-1
seas_6_10an,1
seas_6_10na,-1
sti_gr1a,1
taccruals_at,-1
taccruals_ni,-1
tangibility,1
tax_gr1a,1
turnover_126d,-1
turnover_var_126d,-1
z_score,1
zero_trades_126d,1
zero_trades_21d,1
zero_trades_252d,1
