M,symbol,cik,verdict,shares_scope,fact_used,filed_value,split_product,raw_me,dollar_volume_over_raw_me,checks,cause
2019-05-31,BLIN,0001378590,restored:shares_scale_conflict,cover,EntityCommonStockSharesOutstanding,950642,1,3.147e+06,0.484,"{""basis"": ""pass"", ""discontinuity"": ""pass"", ""scale"": ""pass"", ""turnover"": ""pass""}",DQC_0095 conflict no longer found: the comparator stands on its acceptance basis (Amendment 2.2)
2019-06-30,BLIN,0001378590,restored:shares_scale_conflict,cover,EntityCommonStockSharesOutstanding,950642,1,2.329e+06,0.859,"{""basis"": ""pass"", ""discontinuity"": ""pass"", ""scale"": ""pass"", ""turnover"": ""pass""}",DQC_0095 conflict no longer found: the comparator stands on its acceptance basis (Amendment 2.2)
2019-07-31,BLIN,0001378590,restored:shares_scale_conflict,cover,EntityCommonStockSharesOutstanding,950642,1,1.778e+06,1.14,"{""basis"": ""pass"", ""discontinuity"": ""pass"", ""scale"": ""pass"", ""turnover"": ""pass""}",DQC_0095 conflict no longer found: the comparator stands on its acceptance basis (Amendment 2.2)
2019-08-31,CEI,0001309082,restored:shares_scale_conflict,cover,EntityCommonStockSharesOutstanding,26128200,1,5.722e+06,1.01,"{""basis"": ""pass"", ""discontinuity"": ""pass"", ""scale"": ""pass"", ""turnover"": ""pass""}",DQC_0095 conflict no longer found: the comparator stands on its acceptance basis (Amendment 2.2)
2019-09-30,CEI,0001309082,restored:shares_scale_conflict,cover,EntityCommonStockSharesOutstanding,26128200,1,4.267e+06,1.38,"{""basis"": ""pass"", ""discontinuity"": ""pass"", ""scale"": ""pass"", ""turnover"": ""pass""}",DQC_0095 conflict no longer found: the comparator stands on its acceptance basis (Amendment 2.2)
2019-10-31,CEI,0001309082,restored:shares_scale_conflict,cover,EntityCommonStockSharesOutstanding,26128200,0.02,1.437e+06,4.11,"{""basis"": ""pass"", ""discontinuity"": ""pass"", ""scale"": ""pass"", ""turnover"": ""pass""}",DQC_0095 conflict no longer found: the comparator stands on its acceptance basis (Amendment 2.2)
2019-11-30,CEI,0001309082,restored:shares_scale_conflict,cover,EntityCommonStockSharesOutstanding,3028899,1,2.593e+06,2.45,"{""basis"": ""pass"", ""discontinuity"": ""pass"", ""scale"": ""pass"", ""turnover"": ""pass""}",DQC_0095 conflict no longer found: the comparator stands on its acceptance basis (Amendment 2.2)
2019-12-31,CEI,0001309082,restored:shares_scale_conflict,cover,EntityCommonStockSharesOutstanding,3028899,1,5.785e+06,1.29,"{""basis"": ""pass"", ""discontinuity"": ""pass"", ""scale"": ""pass"", ""turnover"": ""pass""}",DQC_0095 conflict no longer found: the comparator stands on its acceptance basis (Amendment 2.2)
2020-01-31,CEI,0001309082,restored:shares_scale_conflict,cover,EntityCommonStockSharesOutstanding,3028899,1,4.786e+06,0.77,"{""basis"": ""pass"", ""discontinuity"": ""pass"", ""scale"": ""pass"", ""turnover"": ""pass""}",DQC_0095 conflict no longer found: the comparator stands on its acceptance basis (Amendment 2.2)
2020-02-29,CEI,0001309082,restored:shares_discontinuity,cover,EntityCommonStockSharesOutstanding,5000000,1,5.1e+06,0.674,"{""basis"": ""pass"", ""discontinuity"": ""pass"", ""scale"": ""pass"", ""turnover"": ""pass""}",shares_discontinuity no longer applies: the row's check-4 reference changed
2020-03-31,CEI,0001309082,restored:shares_discontinuity,cover,EntityCommonStockSharesOutstanding,5000000,1,5.65e+06,0.595,"{""basis"": ""pass"", ""discontinuity"": ""pass"", ""scale"": ""pass"", ""turnover"": ""pass""}",shares_discontinuity no longer applies: the row's check-4 reference changed
2020-04-30,CEI,0001309082,restored:shares_discontinuity,cover,EntityCommonStockSharesOutstanding,5000000,1,8.7e+06,0.479,"{""basis"": ""pass"", ""discontinuity"": ""pass"", ""scale"": ""pass"", ""turnover"": ""pass""}",shares_discontinuity no longer applies: the row's check-4 reference changed
2020-05-31,CEI,0001309082,restored:shares_discontinuity,cover,EntityCommonStockSharesOutstanding,5000000,1,6.4e+06,0.573,"{""basis"": ""pass"", ""discontinuity"": ""pass"", ""scale"": ""pass"", ""turnover"": ""pass""}",shares_discontinuity no longer applies: the row's check-4 reference changed
2020-06-30,CEI,0001309082,restored:shares_discontinuity,cover,EntityCommonStockSharesOutstanding,12455929,1,1.482e+07,0.202,"{""basis"": ""pass"", ""discontinuity"": ""pass"", ""scale"": ""pass"", ""turnover"": ""pass""}",shares_discontinuity no longer applies: the row's check-4 reference changed
2017-11-30,DCTH,0000872912,reason_changed:shares_scale_conflict->shares_turnover_implausible,cover,EntityCommonStockSharesOutstanding,2591509,1,2.589e+05,32.2,"{""basis"": ""pass"", ""discontinuity"": ""pass"", ""scale"": ""pass"", ""turnover"": ""fail""}",shares_scale_conflict no longer applies (Amendment 2.2); now shares_turnover_implausible
2017-12-31,DCTH,0000872912,reason_changed:shares_scale_conflict->shares_turnover_implausible,cover,EntityCommonStockSharesOutstanding,2591509,1,2.589e+05,14.8,"{""basis"": ""pass"", ""discontinuity"": ""pass"", ""scale"": ""pass"", ""turnover"": ""fail""}",shares_scale_conflict no longer applies (Amendment 2.2); now shares_turnover_implausible
2018-01-31,DCTH,0000872912,restored:shares_scale_conflict,cover,EntityCommonStockSharesOutstanding,2591509,1,2.589e+05,8.67,"{""basis"": ""pass"", ""discontinuity"": ""pass"", ""scale"": ""pass"", ""turnover"": ""pass""}",DQC_0095 conflict no longer found: the comparator stands on its acceptance basis (Amendment 2.2)
2018-02-28,DCTH,0000872912,restored:shares_scale_conflict,cover,EntityCommonStockSharesOutstanding,2591509,1,2.589e+05,2.81,"{""basis"": ""pass"", ""discontinuity"": ""pass"", ""scale"": ""pass"", ""turnover"": ""pass""}",DQC_0095 conflict no longer found: the comparator stands on its acceptance basis (Amendment 2.2)
2018-05-31,DCTH,0000872912,reason_changed:shares_scale_conflict->shares_discontinuity,cover,EntityCommonStockSharesOutstanding,896994,1,8.961e+04,0,"{""basis"": ""pass"", ""discontinuity"": ""fail"", ""scale"": ""pass"", ""turnover"": ""pass""}",shares_scale_conflict no longer applies (Amendment 2.2); now shares_discontinuity
2018-06-30,DCTH,0000872912,reason_changed:shares_scale_conflict->shares_discontinuity,cover,EntityCommonStockSharesOutstanding,896994,1,8.961e+04,0,"{""basis"": ""pass"", ""discontinuity"": ""fail"", ""scale"": ""pass"", ""turnover"": ""pass""}",shares_scale_conflict no longer applies (Amendment 2.2); now shares_discontinuity
2018-07-31,DCTH,0000872912,reason_changed:shares_scale_conflict->shares_discontinuity,cover,EntityCommonStockSharesOutstanding,896994,1,8.961e+04,0,"{""basis"": ""pass"", ""discontinuity"": ""fail"", ""scale"": ""pass"", ""turnover"": ""pass""}",shares_scale_conflict no longer applies (Amendment 2.2); now shares_discontinuity
2019-02-28,DCTH,0000872912,removed:shares_discontinuity,cover,EntityCommonStockSharesOutstanding,9007952,1,8.999e+05,0,"{""basis"": ""pass"", ""discontinuity"": ""fail"", ""scale"": ""pass"", ""turnover"": ""pass""}",>100x jump vs last verified count of the series
2019-03-31,DCTH,0000872912,removed:shares_discontinuity,cover,EntityCommonStockSharesOutstanding,9007952,1,8.999e+05,0,"{""basis"": ""pass"", ""discontinuity"": ""fail"", ""scale"": ""pass"", ""turnover"": ""pass""}",>100x jump vs last verified count of the series
2019-04-30,DCTH,0000872912,removed:shares_discontinuity,cover,EntityCommonStockSharesOutstanding,9007952,1,8.999e+05,0,"{""basis"": ""pass"", ""discontinuity"": ""fail"", ""scale"": ""pass"", ""turnover"": ""pass""}",>100x jump vs last verified count of the series
2014-11-30,EGLE,0001322439,reason_changed:shares_scale_conflict->shares_discontinuity,cover,EntityCommonStockSharesOutstanding,38045081,1,5.361e+08,0.00219,"{""basis"": ""pass"", ""discontinuity"": ""fail"", ""scale"": ""pass"", ""turnover"": ""pass""}",shares_scale_conflict no longer applies (Amendment 2.2); now shares_discontinuity
2014-12-31,EGLE,0001322439,reason_changed:shares_scale_conflict->shares_discontinuity,cover,EntityCommonStockSharesOutstanding,38045081,1,5.581e+08,0.00214,"{""basis"": ""pass"", ""discontinuity"": ""fail"", ""scale"": ""pass"", ""turnover"": ""pass""}",shares_scale_conflict no longer applies (Amendment 2.2); now shares_discontinuity
2015-01-31,EGLE,0001322439,reason_changed:shares_scale_conflict->shares_discontinuity,cover,EntityCommonStockSharesOutstanding,38045081,1,3.9e+08,0.00328,"{""basis"": ""pass"", ""discontinuity"": ""fail"", ""scale"": ""pass"", ""turnover"": ""pass""}",shares_scale_conflict no longer applies (Amendment 2.2); now shares_discontinuity
2015-02-28,EGLE,0001322439,reason_changed:shares_scale_conflict->shares_discontinuity,cover,EntityCommonStockSharesOutstanding,38045081,1,4.185e+08,0.00281,"{""basis"": ""pass"", ""discontinuity"": ""fail"", ""scale"": ""pass"", ""turnover"": ""pass""}",shares_scale_conflict no longer applies (Amendment 2.2); now shares_discontinuity
2015-03-31,EGLE,0001322439,reason_changed:shares_scale_conflict->shares_discontinuity,cover,EntityCommonStockSharesOutstanding,38045081,1,2.812e+08,0.00496,"{""basis"": ""pass"", ""discontinuity"": ""fail"", ""scale"": ""pass"", ""turnover"": ""pass""}",shares_scale_conflict no longer applies (Amendment 2.2); now shares_discontinuity
2015-04-30,EGLE,0001322439,reason_changed:shares_scale_conflict->shares_discontinuity,cover,EntityCommonStockSharesOutstanding,38045081,1,3.188e+08,0.00411,"{""basis"": ""pass"", ""discontinuity"": ""fail"", ""scale"": ""pass"", ""turnover"": ""pass""}",shares_scale_conflict no longer applies (Amendment 2.2); now shares_discontinuity
2015-05-31,EGLE,0001322439,reason_changed:shares_scale_conflict->shares_discontinuity,cover,EntityCommonStockSharesOutstanding,38045081,1,3.443e+08,0.00426,"{""basis"": ""pass"", ""discontinuity"": ""fail"", ""scale"": ""pass"", ""turnover"": ""pass""}",shares_scale_conflict no longer applies (Amendment 2.2); now shares_discontinuity
2015-06-30,EGLE,0001322439,reason_changed:shares_scale_conflict->shares_discontinuity,cover,EntityCommonStockSharesOutstanding,38045081,1,2.652e+08,0.00602,"{""basis"": ""pass"", ""discontinuity"": ""fail"", ""scale"": ""pass"", ""turnover"": ""pass""}",shares_scale_conflict no longer applies (Amendment 2.2); now shares_discontinuity
2015-07-31,EGLE,0001322439,reason_changed:shares_scale_conflict->shares_discontinuity,cover,EntityCommonStockSharesOutstanding,38045081,1,3.287e+08,0.00425,"{""basis"": ""pass"", ""discontinuity"": ""fail"", ""scale"": ""pass"", ""turnover"": ""pass""}",shares_scale_conflict no longer applies (Amendment 2.2); now shares_discontinuity
2015-08-31,EGLE,0001322439,reason_changed:shares_scale_conflict->shares_discontinuity,cover,EntityCommonStockSharesOutstanding,38045081,1,2.716e+08,0.00489,"{""basis"": ""pass"", ""discontinuity"": ""fail"", ""scale"": ""pass"", ""turnover"": ""pass""}",shares_scale_conflict no longer applies (Amendment 2.2); now shares_discontinuity
2015-09-30,EGLE,0001322439,reason_changed:shares_scale_conflict->shares_discontinuity,cover,EntityCommonStockSharesOutstanding,38045081,1,2.256e+08,0.00495,"{""basis"": ""pass"", ""discontinuity"": ""fail"", ""scale"": ""pass"", ""turnover"": ""pass""}",shares_scale_conflict no longer applies (Amendment 2.2); now shares_discontinuity
2015-10-31,EGLE,0001322439,reason_changed:shares_scale_conflict->shares_discontinuity,cover,EntityCommonStockSharesOutstanding,38045081,1,2.321e+08,0.00345,"{""basis"": ""pass"", ""discontinuity"": ""fail"", ""scale"": ""pass"", ""turnover"": ""pass""}",shares_scale_conflict no longer applies (Amendment 2.2); now shares_discontinuity
2015-11-30,EGLE,0001322439,reason_changed:shares_scale_conflict->shares_discontinuity,cover,EntityCommonStockSharesOutstanding,38045081,1,1.153e+08,0.00508,"{""basis"": ""pass"", ""discontinuity"": ""fail"", ""scale"": ""pass"", ""turnover"": ""pass""}",shares_scale_conflict no longer applies (Amendment 2.2); now shares_discontinuity
2015-12-31,EGLE,0001322439,restored:shares_scale_conflict,cover,EntityCommonStockSharesOutstanding,38045081,1,1.339e+08,0.00199,"{""basis"": ""pass"", ""discontinuity"": ""untested"", ""scale"": ""pass"", ""turnover"": ""pass""}",DQC_0095 conflict no longer found: the comparator stands on its acceptance basis (Amendment 2.2)
2016-01-31,EGLE,0001322439,restored:shares_scale_conflict,cover,EntityCommonStockSharesOutstanding,38045081,1,5.022e+07,0.00387,"{""basis"": ""pass"", ""discontinuity"": ""pass"", ""scale"": ""pass"", ""turnover"": ""pass""}",DQC_0095 conflict no longer found: the comparator stands on its acceptance basis (Amendment 2.2)
2016-08-31,EGLE,0001322439,restored:shares_scale_conflict,cover,EntityCommonStockSharesOutstanding,18804203,1,1.388e+08,0.00906,"{""basis"": ""pass"", ""discontinuity"": ""pass"", ""scale"": ""pass"", ""turnover"": ""pass""}",DQC_0095 conflict no longer found: the comparator stands on its acceptance basis (Amendment 2.2)
2016-09-30,EGLE,0001322439,restored:shares_scale_conflict,cover,EntityCommonStockSharesOutstanding,18804203,1,1.329e+08,0.00984,"{""basis"": ""pass"", ""discontinuity"": ""pass"", ""scale"": ""pass"", ""turnover"": ""pass""}",DQC_0095 conflict no longer found: the comparator stands on its acceptance basis (Amendment 2.2)
2016-10-31,EGLE,0001322439,restored:shares_scale_conflict,cover,EntityCommonStockSharesOutstanding,18804203,1,7.841e+07,0.0125,"{""basis"": ""pass"", ""discontinuity"": ""pass"", ""scale"": ""pass"", ""turnover"": ""pass""}",DQC_0095 conflict no longer found: the comparator stands on its acceptance basis (Amendment 2.2)
2018-03-31,INPX,0001529113,restored:shares_scale_conflict,cover,EntityCommonStockSharesOutstanding,9339291,1,1.004e+07,0.259,"{""basis"": ""pass"", ""discontinuity"": ""pass"", ""scale"": ""pass"", ""turnover"": ""pass""}",DQC_0095 conflict no longer found: the comparator stands on its acceptance basis (Amendment 2.2)
2018-04-30,INPX,0001529113,restored:shares_scale_conflict,cover,EntityCommonStockSharesOutstanding,9339291,1,3.361e+06,0.769,"{""basis"": ""pass"", ""discontinuity"": ""pass"", ""scale"": ""pass"", ""turnover"": ""pass""}",DQC_0095 conflict no longer found: the comparator stands on its acceptance basis (Amendment 2.2)
2020-03-31,PHIO,0001533040,restored:shares_scale_conflict,cover,EntityCommonStockSharesOutstanding,2867851,1,5.076e+06,0.109,"{""basis"": ""pass"", ""discontinuity"": ""pass"", ""scale"": ""pass"", ""turnover"": ""pass""}",DQC_0095 conflict no longer found: the comparator stands on its acceptance basis (Amendment 2.2)
2020-04-30,PHIO,0001533040,restored:shares_scale_conflict,cover,EntityCommonStockSharesOutstanding,2867851,1,5.478e+06,0.111,"{""basis"": ""pass"", ""discontinuity"": ""pass"", ""scale"": ""pass"", ""turnover"": ""pass""}",DQC_0095 conflict no longer found: the comparator stands on its acceptance basis (Amendment 2.2)
2020-05-31,SONN,0001106838,restored:shares_scale_conflict,cover,EntityCommonStockSharesOutstanding,9200176,1,3.8e+07,0.0829,"{""basis"": ""pass"", ""discontinuity"": ""pass"", ""scale"": ""pass"", ""turnover"": ""pass""}",DQC_0095 conflict no longer found: the comparator stands on its acceptance basis (Amendment 2.2)
2020-06-30,SONN,0001106838,restored:shares_scale_conflict,cover,EntityCommonStockSharesOutstanding,9200176,1,3.349e+07,0.106,"{""basis"": ""pass"", ""discontinuity"": ""pass"", ""scale"": ""pass"", ""turnover"": ""pass""}",DQC_0095 conflict no longer found: the comparator stands on its acceptance basis (Amendment 2.2)
2020-07-31,SONN,0001106838,restored:shares_scale_conflict,cover,EntityCommonStockSharesOutstanding,9200176,1,3.781e+07,0.214,"{""basis"": ""pass"", ""discontinuity"": ""pass"", ""scale"": ""pass"", ""turnover"": ""pass""}",DQC_0095 conflict no longer found: the comparator stands on its acceptance basis (Amendment 2.2)
2020-03-31,SRRA,0001290149,restored:shares_scale_conflict,cover,EntityCommonStockSharesOutstanding,10395732,1,1.021e+08,0.00681,"{""basis"": ""pass"", ""discontinuity"": ""pass"", ""scale"": ""pass"", ""turnover"": ""pass""}",DQC_0095 conflict no longer found: the comparator stands on its acceptance basis (Amendment 2.2)
2020-04-30,SRRA,0001290149,restored:shares_scale_conflict,cover,EntityCommonStockSharesOutstanding,10395732,1,1.28e+08,0.00541,"{""basis"": ""pass"", ""discontinuity"": ""pass"", ""scale"": ""pass"", ""turnover"": ""pass""}",DQC_0095 conflict no longer found: the comparator stands on its acceptance basis (Amendment 2.2)
2020-03-31,TARA,0001359931,restored:shares_scale_conflict,cover,EntityCommonStockSharesOutstanding,5843203,1,1.344e+08,0.00217,"{""basis"": ""pass"", ""discontinuity"": ""pass"", ""scale"": ""pass"", ""turnover"": ""pass""}",DQC_0095 conflict no longer found: the comparator stands on its acceptance basis (Amendment 2.2)
2020-04-30,TARA,0001359931,restored:shares_scale_conflict,cover,EntityCommonStockSharesOutstanding,5843203,1,1.432e+08,0.00209,"{""basis"": ""pass"", ""discontinuity"": ""pass"", ""scale"": ""pass"", ""turnover"": ""pass""}",DQC_0095 conflict no longer found: the comparator stands on its acceptance basis (Amendment 2.2)
