settlement_date,origin,sha256,physical_rows,used_by_covered_formation
2021-06-15,cdn,793b7525b040bbf8fae9d3500dc68288505ebeeee63f481743cf73ad979f8cd7,20251,True
2021-06-30,cdn,892fdd0f711be1dab003608866595ba895b0b884111a9c6cd9d2ba7ea515af25,20134,False
2021-07-15,stored,2e5d77df90863d68187ea364d9b49a8591d5b0ebf40c0b92c31d25316263d929,20164,True
2021-07-30,stored,0361092d3307ff1d19e3724d2fab1845d74150d1d548018a9cbf8dd3489220ed,20156,False
2021-08-13,stored,62a08726943c53c7a76385af72562fe949b1d8242d1cb36c73914e5c129a1201,20109,True
2021-08-31,stored,7fa9c161f78b97cf276d34cfb3e72f5f7f5b068b4197c6358617af551024a290,20123,False
2021-09-15,stored,9ddeeb5a7f48c12d60f39122632243baa9d6b5aca6c1c39ce46d65dc88209f04,20060,True
2021-09-30,stored,5569e490ae5cb761da7b39e1d83feefb196a13544964588130ffe5b6f58021fc,20111,False
2021-10-15,stored,114bf2f4d2e7dec83c8a39816aa154ea24da162daadb796cf95ee9efd87001b5,20141,True
2021-10-29,stored,bdb812fe8a18ce00e04419b7a5ced8157cabbcfd235cb2573df5a0ccedc7bb7a,20188,False
2021-11-15,stored,779b82e0177db0545e2a2fc038c340d322966d71bb1b912ba483236f25eeacf4,20385,True
2021-11-30,stored,0e7f032a01a8432deb91ce8a762d5d60c2c5717df1387f641161e782bb00c954,20409,False
2021-12-15,stored,181ecb3deea9ccea0a9a67416b398e1b4a3488989ceeb952da45e1e21b8af206,20312,True
2021-12-31,stored,e338b0f2ca73aa87431407c25cd64c434b748934c337eaad0bd7ca79b514f92a,20317,False
2022-01-14,stored,09cb5dbbb54747c43861edc38b5b8ac03fc372edc57ad7ed2dfdd36eade67b26,20503,True
2022-01-31,stored,a283616d29e2e59a6f29225eace5d0570f58346ecd723c5fa51cd97efeee994d,20554,False
2022-02-15,stored,2125ee299097551619ce6574b613d30f62169fca9c93788cebf96c8decfd1d6b,20648,True
2022-02-28,stored,a8cf77863c95587d427ab130f0d301525dc1bedc1ab149d38c25452e19c9949a,20696,False
2022-03-15,stored,123efbf2bbe3aa7e0edcb095569743fd6f3dbe18a23e2dd2e3d8274513f33552,20747,True
2022-03-31,stored,b44f11e14446660bad9a33ed676ed25ff57bbf34f681482168a9c0d80b79e8a6,20848,False
2022-04-14,stored,3581c596f2969ecb569ee7e4af25afb68662551d8cf45dff1e34fbb1e11d329c,20797,True
2022-04-29,stored,a662af4e3b11c43503c2f805087e7a5fea1d7df68f47b975ca7ebae45c252a56,20739,False
2022-05-13,stored,7653b020e66a03af7dfb035547b1b757f3ff760b072ef310f6e77a3662bf3341,20709,True
2022-05-31,stored,cecb671b0c375f80e52546b93f8db7abcd396c94abf8fced835430019882baef,20832,False
2022-06-15,stored,c1d870f26803ac40dc1232c4cc08586c482fc3d6ea0dcde0aeda0a4378f4c177,20752,True
2022-06-30,stored,0a9fe721a4550dcc88b3fbe1b8ea89c29725043639ff983f97f2be4e2fee041c,20724,False
2022-07-15,stored,26d34a7d2da75f599c5bb7319289943cd77d4c21fecb362699831b88516cacd7,20732,True
2022-07-29,stored,eeef4adaacbb4d3c8b1e95cde0352df43a2635337190e477742c601ce153fdfe,20601,False
2022-08-15,stored,d21b0144e1bbf5c17b96ca9339eb62d94015c350340e8483c19e77dc81b8711b,20781,True
2022-08-31,stored,8eb5bc532dbafc6fd222191cef9f76575273b2f003e524d69e2a4bab0ee03271,20764,False
2022-09-15,stored,8257dac01ea46bf9748f4a11a0c12d98dbb06ec5de298d04588c58b40ea1473f,20768,True
2022-09-30,stored,7d125d5873e56e902f5d67e251b6f323458dcf5582f70ab1c2f1d25366b3f7aa,20742,False
2022-10-14,stored,a251dc3f237a108892068fc075aee4a948106baca113fecabaf8ac077f0e525d,20754,True
2022-10-31,stored,c807a30588b9cddc81ab7f2f443ee979db084047b863d30f5313ea5567f2fd73,20696,False
2022-11-15,stored,44d3d0469d9dc8f34da54a3f14161a8a604a45e3456a299562ac4ce9e1f42b06,20787,True
2022-11-30,stored,6dc5cb9a07009bc6cf223eff68514c009c24689a79ba1b616cdada6bb731e93c,20547,False
2022-12-15,stored,061ee69a32910f13e8b5abd2029abba6252f32f006f613e25fa849b33032968c,20389,True
2022-12-30,stored,b60e0af0f8180cbbe6cc5c9883d42c49c22d135063e13451d7254df2d33d5304,20186,False
2023-01-13,stored,2e42fa601c4996ff46f0321e08c504212d79bc1f8881f405ecbb684a25e23293,20125,True
2023-01-31,stored,b5be82c7051d8e2117bdef7fa7ae7471e326b977358f11fa28ce4d37301811c7,20189,False
2023-02-15,stored,78cbe265933e268ad423d01e5828f9166925ac0d31d79c3f22703b0eb646c259,20099,True
2023-02-28,stored,e7c7191f15c4867947dbf6d2101df58753779c7a67fa7023193c2153c600510e,19992,False
2023-03-15,stored,26945b76b6613d855a2c83bc2abe00d172c8012461631d5450ca068b7ee3703f,19946,True
2023-03-31,stored,252c4d11496b1a0e63ca8edc105239c45be525627bdb65d4b503a19b3706cd4a,19959,False
2023-04-14,stored,2e498743f92a84ae0394551d638bc6b93c57d94215f8cd59b0a8969e108728f7,19922,True
2023-04-28,stored,c7ab4b728c3aca632f91ab38d517f7a920949c227026383497d7e6d9da292aaa,19854,False
2023-05-15,stored,82568fe20ebd764f3704eb5eaa73dbd16811b965e0642ef5fb1cf0484966b1ba,19774,True
2023-05-31,stored,22c7aa1a0d8a880853e82b17939747c692ccb5e536cd6bf1ddcb0a33c609ba01,19707,False
2023-06-15,stored,3d228fdbdbb22234c14295a5d79d7104b32f0e0ed967fa157a0351507d5e44ce,19611,True
2023-06-30,stored,1a7bf466700c7d8586c7e7c975157c4e881280571066c6384586c75c9aae743f,19465,False
2023-07-14,stored,cea06581adfba0d17ad25e8e96ed7dfd93bc66a26675e6955a634bce4ca67f9f,19322,True
2023-07-31,stored,21f891eccc35b5d36abfcfdd314b33672791941a70ba18ebf83b68494b2da6e7,19442,False
2023-08-15,stored,701b7ba643476d62eced33803ba4738945806163b81310b06c5b1260fa7ef8f3,19367,True
2023-08-31,stored,c2dc5e70b6dd0a4bcf479d6ff7232db81c3e7af0ad790a782e50101515dd7c11,19336,False
2023-09-15,stored,c11e6301d20a7d755f2bca47fd89f05fad0693f59a475023b1fbea39734b0f73,19297,True
2023-09-29,stored,4eaeb6755702633c9f9fcf00381889c121e845db7775ff281a6a84427f0114a9,19209,False
2023-10-13,stored,3ac9cc2652c79b70d3c00b7249bcecd17947d4963d2edcf872852a5e93b45264,19369,True
2023-10-31,stored,dbc991a729828a8856b776c36543e351c6a0fd503b582dd6a5edbde2c21400d0,19303,False
2023-11-15,stored,de1c8505906d8706f9afd9e08362fadef65a7825f52b49e8854f380f2cf0951c,19222,True
2023-11-30,stored,9b799542a98354a4773c55b65636c28e30c3b42771632af76da8f8a242f95766,19205,False
2023-12-15,stored,33d11a07a9cea2b5f791d079121fe4679e4a9f632b3513a4c1d14d93d40eeb37,19268,True
2023-12-29,stored,935fd0eff67005cbffcb5322d63681f6f07b5a048bfad8b43ff2ffe5dbd62cce,19224,False
2024-01-12,stored,b4e5def0b0ac9cd4f9520fb17e7039c93b6676e95cbcde6ae0cb8ea337b3ea10,19223,True
2024-01-31,stored,4ae652cf7cfb21853c778a2f652d82817e5349a25d0b1fd4d6b5e3b36f895a5e,19271,False
2024-02-15,stored,509eb32b39c8b43247baac9f484e9dafc1038cfe7f6174b0978c5bf375482d9f,19323,True
2024-02-29,stored,adc8143a27a936f1f22ae8a5d45faa7d96ea05c821825a83ea740c302f056c61,19276,False
2024-03-15,stored,5a41ebb29fda63bc04860ae6b00dec3a3b53ac10e81e994d6ac304ec750d6e04,19387,True
2024-03-28,stored,9b8f797d876196dc8c3d43046d7491f7e387ebabfd1533384655d8005f72817c,19371,False
2024-04-15,stored,f055ec1e2363f4a9fc86b7fd32a1b1c671b0393fe6c99762ca3b0d67d0b2665d,19464,True
2024-04-30,stored,be4a291e70484ebcc0c58a85088e6c898abc5122cec06ce70b7c52d2a039ff68,19468,False
2024-05-15,stored,2827e8ae69094c65ea4c160efefcb06c409c48ca168a6cf3bdd99b4184fbc1ac,19471,True
2024-05-31,stored,8ab0f65ad2eeb6b6fcce4257dc72d055efe49a251336effebfc61e0160cc2375,19491,False
2024-06-14,stored,9fd10490d8432ee6cbeb66d41776bbbad5b81287c284ed30b000a0e6dd24f372,19450,True
2024-06-28,stored,1fb12cd5164319a3be97340c6b9bffce8e07f178557d7db8be53bb44b6b10aba,19427,False
2024-07-15,stored,73417528b6593f03887ab52b86c5adece8d2a041677370561cbc8afac2e46178,19573,True
2024-07-31,stored,1e75f3115355198848a7b521f68f4b1f375654c864cbdd4a73aad8908e6514fb,19527,False
2024-08-15,stored,d6f11011f86086eafddedd03de5a85bb91e43c4c5e508d83b7f0495d0a368d10,19530,False
2024-08-30,stored,e7036e804fcfb99455b887a7a0b86a8538db674509fc395e7409c10ebfa906c2,19514,False
