settlement_date,due_date,publication_date,wayback_snapshots
2021-05-28,2021-06-02,2021-06-09,20211214074614 20220811220216
2021-06-15,2021-06-17,2021-06-24,20211214074614 20220811220216
2021-06-30,2021-07-02,2021-07-12,20211214074614 20220811220216
2021-07-15,2021-07-19,2021-07-26,20211214074614 20220811220216
2021-07-30,2021-08-03,2021-08-10,20211214074614 20220811220216
2021-08-13,2021-08-17,2021-08-24,20211214074614 20220811220216
2021-08-31,2021-09-02,2021-09-10,20211214074614 20220811220216
2021-09-15,2021-09-17,2021-09-24,20211214074614 20220811220216
2021-09-30,2021-10-04,2021-10-11,20211214074614 20220811220216
2021-10-15,2021-10-19,2021-10-26,20211214074614 20220811220216
2021-10-29,2021-11-02,2021-11-09,20211214074614 20220811220216
2021-11-15,2021-11-17,2021-11-24,20211214074614 20220811220216
2021-11-30,2021-12-02,2021-12-09,20211214074614 20220811220216
2021-12-15,2021-12-17,2021-12-27,20211214074614 20220811220216
2021-12-31,2022-01-04,2022-01-11,20211214074614 20220811220216
2022-01-14,2022-01-19,2022-01-26,20211214074614 20220811220216
2022-01-31,2022-02-02,2022-02-09,20211214074614 20220811220216
2022-02-15,2022-02-17,2022-02-25,20211214074614 20220811220216
2022-02-28,2022-03-02,2022-03-09,20211214074614 20220811220216
2022-03-15,2022-03-17,2022-03-24,20211214074614 20220811220216
2022-03-31,2022-04-04,2022-04-11,20211214074614 20220811220216
2022-04-14,2022-04-19,2022-04-26,20211214074614 20220811220216
2022-04-29,2022-05-03,2022-05-10,20211214074614 20220811220216
2022-05-13,2022-05-17,2022-05-24,20211214074614 20220811220216
2022-05-31,2022-06-02,2022-06-09,20211214074614 20220811220216
2022-06-15,2022-06-17,2022-06-27,20211214074614 20220811220216
2022-06-30,2022-07-05,2022-07-12,20211214074614 20220811220216
2022-07-15,2022-07-19,2022-07-26,20211214074614 20220811220216
2022-07-29,2022-08-02,2022-08-09,20211214074614 20220811220216
2022-08-15,2022-08-17,2022-08-24,20211214074614 20220811220216
2022-08-31,2022-09-02,2022-09-12,20211214074614 20220811220216
2022-09-15,2022-09-19,2022-09-26,20211214074614 20220811220216
2022-09-30,2022-10-04,2022-10-11,20211214074614 20220811220216
2022-10-14,2022-10-18,2022-10-25,20211214074614 20220811220216
2022-10-31,2022-11-02,2022-11-09,20211214074614 20220811220216
2022-11-15,2022-11-17,2022-11-25,20211214074614 20220811220216
2022-11-30,2022-12-02,2022-12-09,20211214074614 20220811220216
2022-12-15,2022-12-19,2022-12-27,20211214074614 20220811220216
2022-12-30,2023-01-04,2023-01-11,20211214074614 20220811220216
2023-01-13,2023-01-18,2023-01-25,20230315011536
2023-01-31,2023-02-02,2023-02-09,20230315011536
2023-02-15,2023-02-17,2023-02-27,20230315011536
2023-02-28,2023-03-02,2023-03-09,20230315011536
2023-03-15,2023-03-17,2023-03-24,20230315011536
2023-03-31,2023-04-04,2023-04-12,20230315011536
2023-04-14,2023-04-18,2023-04-25,20230315011536
2023-04-28,2023-05-02,2023-05-09,20230315011536
2023-05-15,2023-05-17,2023-05-24,20230315011536
2023-05-31,2023-06-02,2023-06-09,20230315011536
2023-06-15,2023-06-20,2023-06-27,20230315011536
2023-06-30,2023-07-05,2023-07-12,20230315011536
2023-07-14,2023-07-18,2023-07-25,20230315011536
2023-07-31,2023-08-02,2023-08-09,20230315011536
2023-08-15,2023-08-17,2023-08-24,20230315011536
2023-08-31,2023-09-05,2023-09-12,20230315011536
2023-09-15,2023-09-19,2023-09-26,20230315011536
2023-09-29,2023-10-03,2023-10-10,20230315011536
2023-10-13,2023-10-17,2023-10-24,20230315011536
2023-10-31,2023-11-02,2023-11-09,20230315011536 20240320044607
2023-11-15,2023-11-17,2023-11-27,20230315011536 20240320044607
2023-11-30,2023-12-04,2023-12-11,20230315011536 20240320044607
2023-12-15,2023-12-19,2023-12-27,20230315011536 20240320044607
2023-12-29,2024-01-03,2024-01-10,20230315011536 20240320044607
2024-01-12,2024-01-17,2024-01-24,20240320044607
2024-01-31,2024-02-02,2024-02-09,20240320044607
2024-02-15,2024-02-20,2024-02-27,20240320044607
2024-02-29,2024-03-04,2024-03-11,20240320044607
2024-03-15,2024-03-19,2024-03-26,20240320044607
2024-03-28,2024-04-02,2024-04-09,20240320044607
2024-04-15,2024-04-17,2024-04-24,20240320044607
2024-04-30,2024-05-02,2024-05-09,20240320044607
2024-05-15,2024-05-17,2024-05-24,20240320044607
2024-05-31,2024-06-04,2024-06-11,20240320044607
2024-06-14,2024-06-18,2024-06-26,20240320044607
2024-06-28,2024-07-02,2024-07-10,20240320044607
2024-07-15,2024-07-17,2024-07-24,20240320044607
2024-07-31,2024-08-02,2024-08-09,20240320044607
2024-08-15,2024-08-19,2024-08-26,20240320044607
2024-08-30,2024-09-04,2024-09-11,20240320044607
