M,population,admitted,ambiguous,unmatched,unverifiable,identity_fail,valid,flagged,split_carried
2021-06-30,micro,1089,0,12,2,9,1066,80,1
2021-06-30,small,951,0,2,2,6,941,169,0
2021-06-30,large,737,0,1,1,3,732,59,0
2021-06-30,mega,394,0,0,0,0,394,6,2
2021-06-30,top1000,1000,0,0,1,1,998,55,2
2021-06-30,rest,2171,0,15,4,17,2135,259,1
2021-06-30,all,3171,0,15,5,18,3133,314,3
2021-07-31,micro,1131,0,15,3,7,1106,96,1
2021-07-31,small,910,0,1,1,4,904,152,0
2021-07-31,large,734,0,0,0,1,733,64,0
2021-07-31,mega,397,0,0,0,0,397,3,1
2021-07-31,top1000,1000,0,0,0,1,999,50,1
2021-07-31,rest,2172,0,16,4,11,2141,265,1
2021-07-31,all,3172,0,16,4,12,3140,315,2
2021-08-31,micro,1142,0,12,8,5,1117,91,1
2021-08-31,small,960,0,2,0,5,953,160,0
2021-08-31,large,737,0,0,0,2,735,64,0
2021-08-31,mega,412,0,0,0,0,412,7,0
2021-08-31,top1000,1000,0,0,0,1,999,52,0
2021-08-31,rest,2251,0,14,8,11,2218,270,1
2021-08-31,all,3251,0,14,8,12,3217,322,1
2021-09-30,micro,1172,0,13,5,7,1147,90,2
2021-09-30,small,963,0,1,1,9,952,156,1
2021-09-30,large,732,0,0,0,2,730,75,0
2021-09-30,mega,414,0,0,0,0,414,4,1
2021-09-30,top1000,1000,0,0,0,2,998,58,1
2021-09-30,rest,2281,0,14,6,16,2245,267,3
2021-09-30,all,3281,0,14,6,18,3243,325,4
2021-10-31,micro,1174,0,10,2,5,1157,85,1
2021-10-31,small,953,0,1,0,7,945,163,0
2021-10-31,large,729,0,0,0,0,729,71,0
2021-10-31,mega,412,0,0,0,0,412,6,0
2021-10-31,top1000,1000,0,0,0,0,1000,59,0
2021-10-31,rest,2268,0,11,2,12,2243,266,1
2021-10-31,all,3268,0,11,2,12,3243,325,1
2021-11-30,micro,1199,0,15,6,13,1165,82,1
2021-11-30,small,989,0,1,0,5,983,165,0
2021-11-30,large,735,0,0,2,0,733,79,0
2021-11-30,mega,416,0,0,0,0,416,4,1
2021-11-30,top1000,1000,0,0,1,0,999,65,1
2021-11-30,rest,2339,0,16,7,18,2298,265,1
2021-11-30,all,3339,0,16,8,18,3297,330,2
2021-12-31,micro,1221,0,16,5,8,1192,91,0
2021-12-31,small,965,0,1,0,5,959,160,0
2021-12-31,large,751,0,0,0,2,749,79,0
2021-12-31,mega,424,0,0,0,0,424,3,0
2021-12-31,top1000,1000,0,0,0,1,999,54,0
2021-12-31,rest,2361,0,17,5,14,2325,279,0
2021-12-31,all,3361,0,17,5,15,3324,333,0
2022-01-31,micro,1230,0,15,0,7,1208,86,1
2022-01-31,small,963,0,2,1,9,951,162,0
2022-01-31,large,736,0,0,0,0,736,83,0
2022-01-31,mega,427,0,0,0,0,427,2,0
2022-01-31,top1000,1000,0,0,0,0,1000,57,0
2022-01-31,rest,2356,0,17,1,16,2322,276,1
2022-01-31,all,3356,0,17,1,16,3322,333,1
2022-02-28,micro,1233,0,7,4,8,1214,89,0
2022-02-28,small,966,0,0,0,6,960,168,0
2022-02-28,large,735,0,0,0,1,734,72,0
2022-02-28,mega,415,0,0,0,0,415,4,0
2022-02-28,top1000,1000,0,0,0,0,1000,54,0
2022-02-28,rest,2349,0,7,4,15,2323,279,0
2022-02-28,all,3349,0,7,4,15,3323,333,0
2022-03-31,micro,1237,0,9,2,11,1215,77,0
2022-03-31,small,969,0,1,0,4,964,169,0
2022-03-31,large,720,0,0,0,1,719,84,0
2022-03-31,mega,419,0,0,0,0,419,2,1
2022-03-31,top1000,1000,0,0,0,1,999,64,1
2022-03-31,rest,2345,0,10,2,15,2318,268,0
2022-03-31,all,3345,0,10,2,16,3317,332,1
2022-04-30,micro,1238,0,8,1,12,1217,77,3
2022-04-30,small,950,0,0,1,50,899,160,0
2022-04-30,large,721,0,2,0,13,706,85,0
2022-04-30,mega,419,0,0,0,0,419,3,0
2022-04-30,top1000,1000,0,1,0,7,992,68,0
2022-04-30,rest,2328,0,9,2,68,2249,257,3
2022-04-30,all,3328,0,10,2,75,3241,325,3
2022-05-31,micro,1278,0,11,1,5,1261,88,1
2022-05-31,small,958,0,2,0,4,952,175,0
2022-05-31,large,726,0,2,0,1,723,72,0
2022-05-31,mega,433,0,0,0,0,433,2,0
2022-05-31,top1000,1000,0,1,0,0,999,57,0
2022-05-31,rest,2395,0,14,1,10,2370,280,1
2022-05-31,all,3395,0,15,1,10,3369,337,1
2022-06-30,micro,1291,0,12,3,5,1271,92,2
2022-06-30,small,937,0,4,0,5,928,161,0
2022-06-30,large,734,0,8,0,1,725,82,0
2022-06-30,mega,424,0,1,0,0,423,0,1
2022-06-30,top1000,1000,0,7,0,0,993,54,1
2022-06-30,rest,2386,0,18,3,11,2354,281,2
2022-06-30,all,3386,0,25,3,11,3347,335,3
2022-07-31,micro,1281,0,15,2,8,1256,73,5
2022-07-31,small,944,0,5,0,5,934,176,0
2022-07-31,large,735,0,10,1,1,723,85,1
2022-07-31,mega,421,0,1,0,0,420,0,1
2022-07-31,top1000,1000,0,8,0,0,992,59,2
2022-07-31,rest,2381,0,23,3,14,2341,275,5
2022-07-31,all,3381,0,31,3,14,3333,334,7
2022-08-31,micro,1270,0,11,3,14,1242,62,4
2022-08-31,small,944,0,1,0,7,936,170,0
2022-08-31,large,739,0,0,0,1,738,99,0
2022-08-31,mega,424,0,0,0,0,424,4,2
2022-08-31,top1000,1000,0,0,0,0,1000,66,2
2022-08-31,rest,2377,0,12,3,22,2340,269,4
2022-08-31,all,3377,0,12,3,22,3340,335,6
2022-09-30,micro,1276,0,7,1,17,1251,58,3
2022-09-30,small,932,0,2,1,6,923,180,3
2022-09-30,large,734,0,0,0,1,733,91,0
2022-09-30,mega,420,0,0,0,0,420,4,0
2022-09-30,top1000,1000,0,0,0,1,999,68,0
2022-09-30,rest,2362,0,9,2,23,2328,265,6
2022-09-30,all,3362,0,9,2,24,3327,333,6
2022-10-31,micro,1271,0,5,0,8,1258,67,6
2022-10-31,small,929,0,1,0,4,924,174,0
2022-10-31,large,726,0,0,0,1,725,90,0
2022-10-31,mega,412,0,0,0,0,412,1,0
2022-10-31,top1000,1000,0,0,0,0,1000,65,0
2022-10-31,rest,2338,0,6,0,13,2319,267,6
2022-10-31,all,3338,0,6,0,13,3319,332,6
2022-11-30,micro,1303,0,7,0,11,1285,61,4
2022-11-30,small,958,0,2,0,4,952,179,0
2022-11-30,large,714,0,0,0,2,712,93,1
2022-11-30,mega,408,0,0,0,0,408,3,0
2022-11-30,top1000,1000,0,0,0,1,999,73,1
2022-11-30,rest,2383,0,9,0,16,2358,263,4
2022-11-30,all,3383,0,9,0,17,3357,336,5
2022-12-31,micro,1301,0,9,1,7,1284,85,7
2022-12-31,small,953,0,4,0,2,947,160,0
2022-12-31,large,710,0,0,0,1,709,89,0
2022-12-31,mega,412,0,0,0,0,412,2,0
2022-12-31,top1000,1000,0,0,0,0,1000,71,0
2022-12-31,rest,2376,0,13,1,10,2352,265,7
2022-12-31,all,3376,0,13,1,10,3352,336,7
2023-01-31,micro,1311,0,5,1,12,1293,82,5
2023-01-31,small,935,0,2,0,2,931,162,0
2023-01-31,large,699,0,0,1,1,697,85,0
2023-01-31,mega,398,0,0,0,0,398,3,0
2023-01-31,top1000,1000,0,0,0,0,1000,68,0
2023-01-31,rest,2343,0,7,2,15,2319,264,5
2023-01-31,all,3343,0,7,2,15,3319,332,5
2023-02-28,micro,1332,0,3,1,15,1313,93,1
2023-02-28,small,924,0,3,0,2,919,161,0
2023-02-28,large,677,0,0,0,1,676,76,0
2023-02-28,mega,396,0,1,0,1,394,1,0
2023-02-28,top1000,1000,0,1,0,1,998,63,0
2023-02-28,rest,2329,0,6,1,18,2304,268,1
2023-02-28,all,3329,0,7,1,19,3302,331,1
2023-03-31,micro,1349,0,3,0,13,1333,83,5
2023-03-31,small,911,0,4,0,3,904,175,0
2023-03-31,large,664,0,0,1,0,663,72,0
2023-03-31,mega,392,0,0,0,0,392,0,1
2023-03-31,top1000,1000,0,0,1,0,999,63,1
2023-03-31,rest,2316,0,7,0,16,2293,267,5
2023-03-31,all,3316,0,7,1,16,3292,330,6
2023-04-30,micro,1347,0,5,1,13,1328,84,4
2023-04-30,small,895,0,2,0,2,891,171,0
2023-04-30,large,660,0,0,1,1,658,71,0
2023-04-30,mega,389,0,0,0,0,389,1,0
2023-04-30,top1000,1000,0,0,0,1,999,63,0
2023-04-30,rest,2291,0,7,2,15,2267,264,4
2023-04-30,all,3291,0,7,2,16,3266,327,4
2023-05-31,micro,1369,0,6,2,14,1347,78,4
2023-05-31,small,899,0,3,0,2,894,177,0
2023-05-31,large,666,0,0,0,1,665,75,1
2023-05-31,mega,390,0,1,0,0,389,0,0
2023-05-31,top1000,1000,0,1,0,1,998,63,1
2023-05-31,rest,2324,0,9,2,16,2297,267,4
2023-05-31,all,3324,0,10,2,17,3295,330,5
2023-06-30,micro,1394,0,7,1,21,1365,89,5
2023-06-30,small,866,0,3,0,3,860,164,0
2023-06-30,large,651,0,0,0,2,649,73,0
2023-06-30,mega,391,0,0,0,0,391,1,0
2023-06-30,top1000,1000,0,0,0,2,998,61,0
2023-06-30,rest,2302,0,10,1,24,2267,266,5
2023-06-30,all,3302,0,10,1,26,3265,327,5
2023-07-31,micro,1386,0,4,0,13,1369,92,2
2023-07-31,small,874,0,2,0,4,868,169,0
2023-07-31,large,637,0,0,0,0,637,64,0
2023-07-31,mega,389,0,0,0,0,389,2,1
2023-07-31,top1000,1000,0,0,0,0,1000,57,1
2023-07-31,rest,2286,0,6,0,17,2263,270,2
2023-07-31,all,3286,0,6,0,17,3263,327,3
2023-08-31,micro,1385,0,3,0,9,1373,86,3
2023-08-31,small,866,0,3,1,1,861,178,1
2023-08-31,large,646,0,0,0,0,646,61,1
2023-08-31,mega,381,0,0,0,0,381,2,2
2023-08-31,top1000,1000,0,0,0,0,1000,62,3
2023-08-31,rest,2278,0,6,1,10,2261,265,4
2023-08-31,all,3278,0,6,1,10,3261,327,7
2023-09-30,micro,1409,0,5,1,13,1390,99,7
2023-09-30,small,847,0,2,0,0,845,163,0
2023-09-30,large,635,0,0,0,0,635,61,0
2023-09-30,mega,374,0,0,0,0,374,2,0
2023-09-30,top1000,1000,0,0,0,0,1000,63,0
2023-09-30,rest,2265,0,7,1,13,2244,262,7
2023-09-30,all,3265,0,7,1,13,3244,325,7
2023-10-31,micro,1397,0,5,2,22,1368,106,3
2023-10-31,small,840,0,4,0,6,830,162,0
2023-10-31,large,630,0,0,0,1,629,50,0
2023-10-31,mega,372,0,0,0,0,372,2,0
2023-10-31,top1000,1000,0,0,0,1,999,52,0
2023-10-31,rest,2239,0,9,2,28,2200,268,3
2023-10-31,all,3239,0,9,2,29,3199,320,3
2023-11-30,micro,1421,0,2,0,18,1401,99,3
2023-11-30,small,821,0,2,0,7,812,166,0
2023-11-30,large,614,0,0,0,2,612,52,0
2023-11-30,mega,374,0,0,0,0,374,3,0
2023-11-30,top1000,1000,0,0,0,2,998,56,0
2023-11-30,rest,2230,0,4,0,25,2201,264,3
2023-11-30,all,3230,0,4,0,27,3199,320,3
2023-12-31,micro,1391,0,6,0,21,1364,102,4
2023-12-31,small,816,0,2,1,22,791,153,0
2023-12-31,large,627,0,0,0,2,625,58,0
2023-12-31,mega,376,0,1,0,0,375,3,0
2023-12-31,top1000,1000,0,1,0,2,997,61,0
2023-12-31,rest,2210,0,8,1,43,2158,255,4
2023-12-31,all,3210,0,9,1,45,3155,316,4
2024-01-31,micro,1407,0,2,0,19,1386,110,4
2024-01-31,small,805,0,3,0,8,794,155,0
2024-01-31,large,613,0,0,0,2,611,49,0
2024-01-31,mega,371,0,0,0,1,370,3,0
2024-01-31,top1000,1000,0,0,0,3,997,54,0
2024-01-31,rest,2196,0,5,0,27,2164,263,4
2024-01-31,all,3196,0,5,0,30,3161,317,4
2024-02-29,micro,1377,0,1,1,18,1357,115,2
2024-02-29,small,818,0,2,1,7,808,154,0
2024-02-29,large,612,0,0,0,0,612,44,0
2024-02-29,mega,367,0,0,0,4,363,2,2
2024-02-29,top1000,1000,0,0,0,4,996,52,2
2024-02-29,rest,2174,0,3,2,25,2144,263,2
2024-02-29,all,3174,0,3,2,29,3140,315,4
2024-03-31,micro,1381,0,1,0,16,1364,120,5
2024-03-31,small,797,0,2,0,5,790,149,0
2024-03-31,large,601,0,0,0,2,599,40,0
2024-03-31,mega,360,0,0,0,1,359,3,1
2024-03-31,top1000,1000,0,0,0,4,996,48,1
2024-03-31,rest,2139,0,3,0,20,2116,264,5
2024-03-31,all,3139,0,3,0,24,3112,312,6
2024-04-30,micro,1376,0,2,3,21,1350,126,2
2024-04-30,small,775,0,1,0,8,766,143,0
2024-04-30,large,596,0,0,0,0,596,37,0
2024-04-30,mega,348,0,1,0,1,346,0,0
2024-04-30,top1000,1000,0,1,0,1,998,45,0
2024-04-30,rest,2095,0,3,3,29,2060,261,2
2024-04-30,all,3095,0,4,3,30,3058,306,2
2024-05-31,micro,1431,0,2,1,10,1418,128,2
2024-05-31,small,773,0,2,2,4,765,145,0
2024-05-31,large,591,0,0,0,2,589,39,0
2024-05-31,mega,357,0,1,0,0,356,1,0
2024-05-31,top1000,1000,0,1,0,2,997,45,0
2024-05-31,rest,2152,0,4,3,14,2131,268,2
2024-05-31,all,3152,0,5,3,16,3128,313,2
2024-06-30,micro,1408,0,3,1,17,1387,129,7
2024-06-30,small,772,0,4,1,7,760,137,1
2024-06-30,large,598,0,1,0,2,595,45,0
2024-06-30,mega,361,0,1,0,2,358,0,1
2024-06-30,top1000,1000,0,2,0,4,994,50,1
2024-06-30,rest,2139,0,7,2,24,2106,261,8
2024-06-30,all,3139,0,9,2,28,3100,311,9
2024-07-31,micro,1378,0,1,2,22,1353,128,3
2024-07-31,small,777,0,2,0,10,765,137,0
2024-07-31,large,597,0,1,0,2,594,42,0
2024-07-31,mega,355,0,1,0,0,354,0,0
2024-07-31,top1000,1000,0,2,0,3,995,46,0
2024-07-31,rest,2107,0,3,2,31,2071,261,3
2024-07-31,all,3107,0,5,2,34,3066,307,3
