cik,incumbent_rank,entrant_accessions
0000001750,1403,
0000001800,32,
0000002488,41,
0000002969,125,
0000003453,921,
0000003570,185,
0000004127,344,
0000004281,384,
0000004447,200,
0000004457,480,
0000004904,136,
0000004962,57,
0000004977,192,
0000005272,173,
0000005513,652,
0000006201,530,
0000006281,71,
0000006951,69,
0000007039,,0001193125-22-147761
0000007084,148,
0000007332,579,
0000007431,867,
0000007536,547,
0000007789,1040,
0000008670,64,
0000008818,383,
0000008858,805,
0000009092,1084,
0000009326,840,
0000009984,1351,
0000010456,241,
0000010795,91,
0000011199,,0001104659-24-064757;0001104659-24-066144
0000011544,362,
0000012659,655,
0000012927,68,
0000014272,40,
0000014930,674,
0000015615,682,
0000016040,863,
0000016058,617,
0000016160,1144,
0000016732,400,
0000017313,,0000017313-23-000066
0000017843,1409,
0000018230,60,
0000018349,692,
0000018926,462,
0000019584,612,
0000019617,12,
0000019745,1158,
0000020212,578,
0000020286,386,
0000020520,657,
0000021076,345,
0000021175,455,
0000021344,18,
0000021535,1467,
0000021665,101,
0000022356,550,
0000022444,796,
0000023194,923,
0000023217,366,
0000024545,,0001104659-24-065956
0000024741,230,
0000025445,720,
0000026172,227,
0000026324,723,
0000026780,1165,
0000027419,84,
0000027904,308,
0000028412,492,
0000028823,,0001193125-23-209965
0000029002,926,
0000029534,123,
0000029644,642,
0000029905,324,
0000029989,408,
0000030625,834,
0000030697,825,
0000031462,145,
0000031791,322,
0000032604,128,
0000033185,264,
0000033213,369,
0000034088,10,
0000035527,279,
0000036029,659,
0000036104,90,
0000036146,1268,
0000036270,224,
0000036377,996,
0000036840,,0001174947-23-000975
0000036966,444,
0000037785,418,
0000037808,860,
0000037996,,0000037996-22-000054
0000038009,,0000038009-23-000026;0000038009-24-000025;0000038009-24-000040;0001104659-23-029360;0001104659-23-060643;0001104659-23-121476;0001104659-24-002885
0000038725,857,
0000038777,421,
0000039263,551,
0000039368,971,
0000039899,807,
0000040211,947,
0000040533,110,
0000040545,80,
0000040704,159,
0000040729,477,
0000040888,955,
0000040987,293,
0000042582,963,
0000042888,458,
0000043196,1389,
0000045012,260,
0000046080,471,
0000046195,1006,
0000046640,,0001193125-23-148283;0001193125-24-065855
0000046765,786,
0000047111,147,
0000047217,203,
0000048287,1429,
0000048898,449,
0000049071,113,
0000049196,325,
0000049826,104,
0000050725,1352,
0000050863,43,
0000051143,56,
0000051253,226,
0000051434,377,
0000051644,453,
0000052988,342,
0000055067,269,
0000055234,,0001477932-23-008923
0000055242,1202,
0000055785,160,
0000056047,902,
0000056679,962,
0000056873,214,
0000056978,1076,
0000058361,,0001628280-24-013721
0000058492,738,
0000059255,1444,
0000059440,1347,
0000059478,15,
0000059527,561,
0000059558,534,
0000060086,407,
0000060519,744,
0000060667,55,
0000061398,1230,
0000062996,437,
0000063276,562,
0000063908,28,
0000064040,51,
0000064472,,0001193125-22-198476
0000064670,,0001193125-22-248118;0001193125-24-152371
0000064803,53,
0000064996,1185,
0000065270,1402,
0000065984,278,
0000066004,1374,
0000066382,1193,
0000066570,768,
0000066740,78,
0000066756,982,
0000067215,1035,
0000067716,695,
0000068505,177,
0000069891,761,
0000070145,646,
0000070318,615,
0000070858,19,
0000070866,832,
0000072331,424,
0000072333,908,
0000072741,236,
0000072903,176,
0000072971,36,
0000073088,1023,
0000073124,305,
0000073309,194,
0000074260,613,
0000074303,576,
0000075288,1423,
0000075362,225,
0000075677,427,
0000076334,191,
0000076605,1464,
0000077159,1379,
0000077360,572,
0000077476,21,
0000077877,662,
0000078003,17,
0000078128,426,
0000078239,866,
0000078890,1109,
0000079282,336,
0000079879,237,
0000080424,13,
0000080661,98,
0000081362,1067,
0000084246,771,
0000084748,758,
0000084839,329,
0000085535,631,
0000085961,880,
0000086312,186,
0000087347,131,
0000088121,803,
0000088205,1101,
0000088941,885,
0000089089,446,
0000089439,904,
0000089800,106,
0000090498,1028,
0000090896,941,
0000091419,413,
0000091440,445,
0000091576,354,
0000091767,666,
0000091928,861,
0000092103,,0000092103-23-000027;0000092103-24-000023
0000092122,77,
0000092230,99,
0000092380,284,
0000093410,14,
0000093556,406,
0000093751,261,
0000094049,1143,
0000094344,1437,
0000096021,164,
0000096223,595,
0000096943,460,
0000097210,371,
0000097216,1184,
0000097476,38,
0000097745,23,
0000098362,794,
0000099780,1227,
0000100517,442,
0000100885,45,
0000101382,839,
0000101829,46,
0000101830,,0001140361-24-024963
0000102037,1473,
0000102729,697,
0000103379,347,
0000104169,11,
0000104918,1032,
0000105132,1161,
0000105418,1240,
0000105563,,0001683863-23-001738
0000105634,702,
0000105770,265,
0000106040,389,
0000106640,508,
0000107263,171,
0000107687,1284,
0000108312,656,
0000108516,1132,
0000109177,1079,
0000109198,88,
0000109380,557,
0000109563,898,
0000110471,1319,
0000110621,454,
0000200406,8,
0000202058,149,
0000203596,1243,
0000216228,663,
0000217346,420,
0000225997,,0001683863-24-000266
0000230557,804,
0000275880,828,
0000277135,256,
0000277509,1139,
0000277948,93,
0000278166,1190,
0000310142,937,
0000310158,24,
0000310569,,0001193125-24-073961
0000310764,79,
0000311094,1392,
0000312069,,0001193125-22-215963;0001193125-22-275780;0001193125-23-139484;0001193125-23-176270;0001193125-23-234421;0001193125-24-066025
0000313143,948,
0000313616,26,
0000313927,299,
0000314489,1478,
0000315189,61,
0000315213,537,
0000315293,111,
0000315709,1097,
0000315852,538,
0000317788,1270,
0000318154,48,
0000319201,120,
0000320193,1,
0000320335,498,
0000350698,643,
0000350894,602,
0000351569,988,
0000352541,393,
0000354190,187,
0000354647,910,
0000354707,812,
0000354950,16,
0000355811,645,
0000356171,1394,
0000356309,831,
0000357204,,0001580642-23-004437
0000700564,1105,
0000700923,1398,
0000701374,1273,
0000701985,567,
0000702165,116,
0000704415,1390,
0000707179,753,
0000707549,92,
0000708955,1232,
0000711377,1145,
0000711404,372,
0000712515,193,
0000712534,1151,
0000712537,1462,
0000713676,94,
0000714310,690,
0000715072,1299,
0000715957,100,
0000716643,,0001104659-24-007996;0001193125-24-004450
0000717423,726,
0000717605,756,
0000718877,107,
0000718937,900,
0000719413,1154,
0000719955,499,
0000720005,307,
0000721371,370,
0000721994,1271,
0000723125,95,
0000723188,934,
0000723254,167,
0000723531,152,
0000723612,536,
0000726728,,0001104659-23-078730;0001104659-23-123458;0001104659-24-005341
0000726958,598,
0000728535,323,
0000729986,743,
0000730263,815,
0000730272,447,
0000730669,,0001477932-23-001595
0000730708,1208,
0000731122,,0001999371-24-005299
0000731766,7,
0000731802,358,
0000732712,29,
0000732717,47,
0000732834,268,
0000733269,1315,
0000737758,525,
0000742278,1333,
0000744218,1448,
0000745308,1149,
0000745543,,0000745543-23-000004
0000745732,250,
0000746515,339,
0000749098,,0001171843-23-001751
0000749251,298,
0000750577,856,
0000752714,1244,
0000753308,37,
0000759944,333,
0000760498,956,
0000763744,969,
0000763901,687,
0000764038,653,
0000764065,516,
0000764180,82,
0000764478,348,
0000764622,554,
0000764630,,0001493152-23-009135
0000764764,,0000764764-24-000025
0000765880,,0001104659-23-018524
0000766421,714,
0000769397,146,
0000769520,580,
0000771497,1046,
0000771992,,0000771992-23-000045
0000772406,795,
0000773840,49,
0000775158,712,
0000775368,461,
0000776867,924,
0000776901,889,
0000779152,395,
0000780571,1121,
0000783325,219,
0000783401,,0001683863-24-000264
0000784977,818,
0000785161,763,
0000785786,1122,
0000785956,1124,
0000788784,218,
0000789019,2,
0000789460,1340,
0000789570,419,
0000790051,391,
0000790359,1345,
0000793074,1072,
0000793171,,0001493152-23-026184
0000793952,715,
0000794170,707,
0000794172,1470,
0000794367,798,
0000795266,1077,
0000796343,31,
0000796505,1480,
0000797468,112,
0000797721,1153,
0000798354,97,
0000799167,1332,
0000800240,1326,
0000801337,555,
0000802481,603,
0000803097,,0001683168-23-006518
0000804328,39,
0000804753,254,
0000805676,1233,
0000807882,1441,
0000808326,,0001104659-23-104747
0000810136,1439,
0000811030,,0000894189-23-005934;0000894189-24-003335
0000811156,316,
0000811532,1164,
0000811589,1483,
0000812011,506,
0000812074,1189,
0000812128,820,
0000812427,,0001104659-22-080674
0000813672,135,
0000813762,367,
0000814453,553,
0000814547,443,
0000815094,422,
0000815097,522,
0000815556,242,
0000816761,881,
0000816956,1050,
0000817720,704,
0000818479,581,
0000818686,482,
0000819793,1060,
0000820027,240,
0000820313,153,
0000820318,713,
0000821189,103,
0000822416,496,
0000822663,1113,
0000822818,737,
0000823768,96,
0000824142,1013,
0000824410,1298,
0000825542,781,
0000827052,263,
0000827054,183,
0000828944,1029,
0000829224,67,
0000831001,63,
0000831114,,0000894189-23-001812;0000894189-23-002104;0000894189-23-002131;0000894189-23-006842;0000894189-24-000165;0000894189-24-001298;0000894189-24-003602;0001398344-22-014905;0001398344-22-021874
0000831259,155,
0000831641,559,
0000832101,381,
0000832988,1080,
0000833079,1002,
0000833444,188,
0000833640,775,
0000835011,1187,
0000835324,1261,
0000836157,1365,
0000836690,,0001104659-22-099302
0000836906,,0001683863-23-007897;0001683863-23-007898
0000837465,853,
0000839923,,0001104659-23-018044;0001104659-24-076068
0000840489,961,
0000842023,396,
0000842162,521,
0000842180,,0001193125-22-244596;0001193125-23-237501;0001193125-23-277722;0001193125-24-066672
0000844150,,0000950103-22-011789;0000950103-22-019498;0000950103-23-003545;0000950103-23-008757;0000950103-24-003113;0000950103-24-003246
0000844551,,0001193125-22-156896
0000845982,,0000950103-22-017561;0000950103-24-004060
0000846617,1490,
0000847942,,0001493152-22-036399
0000849395,,0001193125-23-304462;0001193125-24-144045;0001193125-24-144050
0000849399,410,
0000849869,779,
0000850141,1455,
0000850209,1107,
0000850460,1115,
0000851205,532,
0000851520,745,
0000851968,563,
0000853816,694,
0000855658,548,
0000856982,998,
0000857005,405,
0000857855,940,
0000858470,270,
0000858877,33,
0000859737,340,
0000860413,829,
0000860730,105,
0000860731,365,
0000860748,1047,
0000861459,1497,
0000861842,1021,
0000861878,843,
0000861884,448,
0000863064,,0001104659-23-030478
0000864270,,0001193125-23-193420;0001193125-23-231578;0001193125-24-015402;0001193125-24-182610;0001193125-24-186781
0000864749,346,
0000865752,130,
0000866291,802,
0000866374,589,
0000866706,1265,
0000866729,1413,
0000866787,169,
0000867840,,0001683168-22-007512
0000868671,719,
0000868780,1016,
0000868857,494,
0000869428,,0001104659-24-064757;0001104659-24-066144
0000870355,,0001680359-24-000077
0000871763,869,
0000873303,566,
0000874015,735,
0000874499,1282,
0000874716,213,
0000874761,399,
0000874766,304,
0000874866,1070,
0000875045,228,
0000875320,87,
0000875357,680,
0000876167,1252,
0000876427,1369,
0000876437,837,
0000877212,334,
0000877890,429,
0000878719,,0001398344-23-002525
0000878927,205,
0000879101,,0001140361-23-000046;0001140361-23-060003
0000879169,349,
0000879407,826,
0000880266,568,
0000882095,85,
0000882184,258,
0000882796,1247,
0000882835,150,
0000883237,1415,
0000883241,124,
0000883948,1126,
0000883984,855,
0000884614,519,
0000884650,,0001654954-22-014183
0000884887,500,
0000885245,1425,
0000885550,596,
0000885590,1375,
0000885639,915,
0000885725,117,
0000885978,1366,
0000886128,1468,
0000886163,1408,
0000886346,1170,
0000886982,58,
0000887028,,0001104659-23-030478
0000887343,1173,
0000887359,1418,
0000887596,1414,
0000887936,709,
0000889331,629,
0000889900,945,
0000890540,,0001398344-22-024778;0001398344-23-022235;0001398344-24-005201
0000890926,899,
0000891014,1204,
0000891024,1043,
0000891103,303,
0000891478,,0000950103-22-009936;0000950103-23-016419;0000950103-24-004050;0000950103-24-010280;0001193125-22-228539;0001193125-23-210878;0001193125-23-284368
0000891944,,0000897069-22-000676
0000892553,614,
0000893538,766,
0000893691,1245,
0000893949,1269,
0000894081,1181,
0000894405,1217,
0000895419,486,
0000895421,44,
0000896159,81,
0000896262,895,
0000896264,1491,
0000896622,618,
0000896878,50,
0000897077,1412,
0000897723,1088,
0000898173,151,
0000898174,584,
0000898293,564,
0000899051,222,
0000899923,1228,
0000900075,234,
0000901491,970,
0000901832,,0001104659-23-031804;0001104659-24-031066
0000903129,1223,
0000906163,404,
0000906553,672,
0000907246,,0001140361-24-024963
0000908255,515,
0000908937,262,
0000909724,,0001140361-22-031979
0000909832,22,
0000910329,1280,
0000910406,1250,
0000910521,549,
0000910606,,0001193125-23-214773
0000910612,,0000950123-22-009802
0000910638,1433,
0000912093,976,
0000912562,1416,
0000912615,1290,
0000912728,1083,
0000912766,1251,
0000912767,698,
0000912958,,0000950103-22-008737
0000913142,1071,
0000913144,708,
0000913241,1137,
0000913290,,0000919574-23-000051
0000913760,1336,
0000914025,1344,
0000914208,570,
0000914475,524,
0000915389,438,
0000915802,,0001398344-24-012525
0000915913,249,
0000916076,290,
0000916365,296,
0000916490,,0001398344-22-025065
0000916540,464,
0000916789,1008,
0000917273,1093,
0000917520,816,
0000917851,,0001292814-23-002640;0001292814-24-002594
0000918646,797,
0000919012,1253,
0000920112,1287,
0000920148,273,
0000920371,830,
0000921638,958,
0000921738,701,
0000922224,297,
0000923184,,0001193125-22-188595;0001193125-23-002178;0001193125-23-185207;0001193125-23-238539;0001193125-24-005032
0000924727,,0001104659-24-045789
0000924805,1014,
0000926326,787,
0000926844,,0001829126-23-001792
0000927003,979,
0000927066,575,
0000927628,165,
0000927653,138,
0000927971,,0001214659-22-008218;0001214659-23-002505;0001214659-23-002817;0001214659-23-008677;0001214659-23-008894;0001214659-23-016022
0000928022,1078,
0000928658,,0001008886-24-000269
0000929008,651,
0000929869,,0000950157-22-000609
0000930157,,0001104659-22-105856
0000930236,,0001104659-23-003856;0001104659-24-005337;0001104659-24-072505
0000930420,1459,
0000931015,623,
0000931148,1266,
0000932696,990,
0000933036,1466,
0000933136,1003,
0000933974,749,
0000935036,991,
0000935494,772,
0000935703,190,
0000936340,267,
0000936395,586,
0000936468,59,
0000937098,748,
0000937556,573,
0000939767,640,
0000940944,387,
0000943452,353,
0000943819,197,
0000943890,,0000950157-22-000609
0000944148,1169,
0000944695,789,
0000944809,1393,
0000945114,1481,
0000945764,936,
0000945841,411,
0000945908,,0000945908-23-000026;0000945908-23-000233;0001193125-24-031614
0000946581,390,
0000946673,1225,
0000947484,361,
0001000228,470,
0001000694,850,
0001000697,291,
0001000753,859,
0001001838,180,
0001002047,379,
0001002910,275,
0001004315,,0001193125-23-167442;0001193125-24-009001
0001004434,785,
0001005284,727,
0001005757,1229,
0001008653,,0001493152-23-008536
0001011060,,0001493152-23-006431
0001012100,528,
0001013237,368,
0001013462,274,
0001013857,986,
0001013871,527,
0001013880,968,
0001013934,1330,
0001014473,309,
0001014739,670,
0001014763,,0001654954-22-010401
0001015328,780,
0001015551,,0001140361-24-024963
0001018724,4,
0001019849,544,
0001020425,,0001193125-23-170294;0001193125-23-208953;0001193125-24-040189;0001193125-24-040190;0001193125-24-140652;0001193125-24-140659
0001020859,1148,
0001021561,1209,
0001021635,560,
0001021860,608,
0001022079,375,
0001022408,1435,
0001022671,402,
0001023128,610,
0001024305,669,
0001024478,243,
0001024795,1199,
0001025835,1339,
0001027596,,0000894189-22-005289;0000894189-22-007839
0001028918,1012,
0001029142,1317,
0001029199,774,
0001030469,1492,
0001031203,1059,
0001031296,277,
0001032033,888,
0001032208,132,
0001032220,874,
0001032975,513,
0001033012,1206,
0001034670,604,
0001035002,162,
0001035201,995,
0001035267,76,
0001035983,907,
0001037646,232,
0001037676,1167,
0001037976,510,
0001038074,764,
0001038357,119,
0001039065,1383,
0001039399,1095,
0001039684,259,
0001039765,,0001193125-23-232092;0001193125-24-071079
0001039828,959,
0001041061,201,
0001041792,,0001292814-23-005112;0001292814-23-005114
0001041803,1246,
0001042046,457,
0001042776,1359,
0001043277,412,
0001043604,520,
0001045610,,0001104659-23-008308;0001104659-23-063414;0001104659-24-057788;0001104659-24-057789
0001045810,9,
0001046102,574,
0001046257,677,
0001046311,639,
0001047127,778,
0001047716,,0001213900-24-062322
0001047862,198,
0001048286,133,
0001048477,376,
0001048695,495,
0001048911,114,
0001049502,648,
0001049521,972,
0001050441,1404,
0001050797,809,
0001050915,317,
0001051512,1316,
0001052752,1474,
0001053507,,0001053507-23-000122;0001053507-24-000097
0001054905,1138,
0001055160,,0001104659-24-003184;0001104659-24-048135
0001056696,535,
0001056903,1005,
0001057352,248,
0001057706,1049,
0001057877,710,
0001058090,163,
0001058290,196,
0001058623,,0001104659-24-026355
0001059556,122,
0001060391,161,
0001060736,215,
0001060822,989,
0001061219,118,
0001061983,935,
0001062128,,0001178913-22-002584
0001064642,,0001193125-22-147178;0001193125-23-232249;0001193125-24-142413
0001064728,1042,
0001065280,66,
0001065696,385,
0001066719,,0001683168-23-005869
0001067294,1218,
0001067701,286,
0001068851,635,
0001069157,490,
0001069183,582,
0001069202,545,
0001069258,1324,
0001069530,,0001493152-24-000296
0001069878,609,
0001070081,1025,
0001070235,952,
0001070412,994,
0001070423,583,
0001070494,1175,
0001071371,,0001193125-24-167058
0001071739,127,
0001073349,1127,
0001074828,,0001654954-22-012530
0001075531,83,
0001076930,725,
0001077428,1064,
0001077771,903,
0001078075,1119,
0001078271,1353,
0001081745,,0001493152-22-025327
0001082554,481,
0001083446,1051,
0001084048,896,
0001084961,1337,
0001085869,931,
0001086222,388,
0001088856,1036,
0001089113,,0001193125-22-170866;0001193125-22-218637;0001193125-22-246306;0001193125-22-276895;0001193125-23-066071;0001193125-23-170032;0001193125-23-212411;0001193125-23-235284;0001193125-23-275739;0001193125-24-057578;0001193125-24-141570
0001089907,,0001552781-23-000398
0001090012,172,
0001092699,844,
0001093557,221,
0001093691,439,
0001094285,337,
0001094831,,0001193125-23-180979
0001095073,485,
0001096012,,0001133228-23-005196;0001133228-24-000712
0001096343,343,
0001096752,1236,
0001097149,287,
0001097864,246,
0001099219,134,
0001099590,174,
0001099800,108,
0001100663,,0001193125-22-181417;0001193125-22-186930;0001193125-22-213421;0001193125-22-219633;0001193125-22-238525;0001193125-22-246220;0001193125-22-272028;0001193125-22-285482;0001193125-23-011817;0001193125-23-031908;0001193125-23-083370;0001193125-23-137832;0001193125-23-159642;0001193125-23-168624;0001193125-23-168629;0001193125-23-168637;0001193125-23-168643;0001193125-23-230203;0001193125-23-255804;0001193125-24-007402;0001193125-24-063338;0001193125-24-068925;0001193125-24-143709;0001193125-24-143716;0001193125-24-158001;0001193125-24-169991;0001193125-24-178341
0001100682,431,
0001101215,1272,
0001101302,398,
0001102112,984,
0001102934,773,
0001103982,72,
0001104462,,0001096906-22-001627
0001104485,1201,
0001104506,1117,
0001104657,1371,
0001107843,800,
0001108426,868,
0001108524,34,
0001109354,488,
0001109357,156,
0001110803,210,
0001110805,1377,
0001111335,942,
0001111711,440,
0001111928,722,
0001113169,255,
0001113232,1183,
0001113256,1128,
0001113313,,0001607062-23-000065
0001114446,,0001839882-23-007504
0001114483,1186,
0001114995,1211,
0001115055,675,
0001116132,546,
0001116942,1477,
0001119639,,0001104659-23-077492
0001120193,239,
0001121142,1259,
0001121788,331,
0001122976,886,
0001123360,204,
0001124140,577,
0001124198,939,
0001124524,1306,
0001124610,140,
0001124804,1307,
0001124941,870,
0001125376,835,
0001126328,357,
0001126956,887,
0001126975,476,
0001128361,1322,
0001128928,678,
0001129137,,0001193125-22-199119;0001193125-23-069060
0001130310,314,
0001130464,770,
0001133421,86,
0001134982,,0001477932-23-001742
0001135185,1224,
0001136352,1056,
0001136869,280,
0001136893,109,
0001137360,,0001137360-22-000518;0001137360-22-000936;0001137360-22-001004;0001137360-22-001038;0001137360-22-001205;0001137360-23-000236;0001137360-23-000539;0001137360-23-000691;0001137360-23-000750;0001137360-24-000232;0001137360-24-000233
0001137774,189,
0001137789,350,
0001138118,253,
0001138639,1454,
0001140465,,0001104659-22-100067
0001140536,282,
0001140586,,0001683168-23-001757
0001140859,233,
0001141103,5,
0001141819,,0000894189-23-002633;0000894189-24-001691
0001142417,591,
0001142596,1099,
0001142750,767,
0001143513,,0001193125-23-215102
0001143578,,0001193125-23-304462
0001144215,684,
0001144519,417,
0001144980,905,
0001145197,351,
0001145604,,0001826466-23-000033
0001157408,1285,
0001158324,1033,
0001158449,452,
0001158463,1102,
0001159036,638,
0001160106,,0000950103-22-013915;0000950103-22-019706;0000950103-23-003713;0000950103-23-011633;0000950103-24-000361;0000950103-24-007909
0001160951,1309,
0001161728,1058,
0001162896,,0001493152-23-045805
0001163165,52,
0001163302,667,
0001163739,1488,
0001164863,1276,
0001166003,632,
0001166388,1054,
0001167581,,0001193125-24-055291
0001167583,,0001193125-23-035048;0001193125-23-141763;0001193125-24-005683;0001193125-24-141415
0001169446,,0001292814-23-002640;0001292814-24-002594
0001169561,1141,
0001169770,,0001140361-23-055328
0001170010,378,
0001173420,1388,
0001174610,,0001683863-22-005065;0001683863-22-007066;0001683863-23-006788;0001683863-23-007163;0001683863-23-008341;0001683863-24-001412;0001683863-24-002267;0001683863-24-004168
0001174922,607,
0001175454,356,
0001176948,302,
0001177394,504,
0001177609,621,
0001177702,660,
0001178670,355,
0001178879,1089,
0001178970,1305,
0001179929,328,
0001180262,1116,
0001182731,,0001683168-22-007264
0001185348,1399,
0001192448,1135,
0001199046,,0001580642-22-002820;0001580642-22-002821;0001580642-22-003940;0001580642-22-004111;0001580642-22-004138;0001580642-22-004140;0001580642-24-002985
0001209466,,0001193125-24-009883
0001210677,1221,
0001212545,556,
0001214816,847,
0001219601,435,
0001224608,1214,
0001230245,1197,
0001230869,,0001839882-24-000057;0001999371-24-005358
0001231457,,0001193125-23-013085
0001232524,503,
0001237831,683,
0001257640,1258,
0001259429,,0001213900-23-042467
0001260221,211,
0001261333,430,
0001261788,,0000894189-22-007617
0001262039,142,
0001262104,,0001193125-23-249443
0001262823,436,
0001263364,,0001213900-23-005558
0001265131,1301,
0001267238,507,
0001267332,,0001999371-24-004648
0001272830,732,
0001273685,,0001104659-24-076267
0001273813,914,
0001274173,849,
0001274494,479,
0001275014,1424,
0001275283,,0001193125-22-265221;0001628280-24-005515
0001276187,202,
0001276520,1216,
0001278021,489,
0001278027,1356,
0001278752,,0001193125-23-294409
0001279495,,0001279495-23-000012
0001280058,1001,
0001280263,983,
0001280452,292,
0001281761,320,
0001282637,1015,
0001282980,,0001387131-23-009791
0001283140,1222,
0001283699,35,
0001284812,943,
0001285785,327,
0001286139,1239,
0001286681,415,
0001287032,,0001287032-22-000337;0001287032-22-000338;0001287032-24-000006
0001288469,1019,
0001288847,593,
0001289244,,0001273813-23-000072
0001289308,1108,
0001289419,469,
0001289460,688,
0001289848,1465,
0001295401,1460,
0001295514,,0001493152-23-044546
0001295810,1155,
0001295947,1038,
0001296445,791,
0001296484,,0001140361-24-019394
0001297184,1312,
0001299709,1146,
0001300514,247,
0001302387,,0000943374-23-000323
0001303313,760,
0001303523,,0001193125-22-265221;0001628280-23-026671;0001628280-24-005515
0001304280,,0001193125-24-154119
0001306830,432,
0001307954,673,
0001308606,686,
0001309108,605,
0001309402,1279,
0001311370,851,
0001312109,1055,
0001314414,,0001580642-23-002159;0001580642-24-003406;0001580642-24-003640
0001314497,,0001104659-22-080674
0001314498,,0001104659-22-080674
0001314499,,0001104659-22-080674
0001314502,,0001104659-22-080674
0001314503,,0001104659-22-080674
0001314506,,0001104659-22-080674
0001314511,,0001104659-22-080674
0001314512,,0001104659-22-080674
0001314513,,0001104659-22-080674
0001314514,,0001104659-22-080674
0001314727,1081,
0001315098,266,
0001316835,450,
0001318220,207,
0001318568,1329,
0001318605,6,
0001318885,,0000919574-23-006719
0001320414,897,
0001320695,1157,
0001321655,301,
0001321732,742,
0001321741,,0001193125-23-157986
0001323885,1191,
0001324404,318,
0001324424,374,
0001324948,637,
0001325950,,0001477932-23-001659
0001326110,1411,
0001326160,75,
0001326380,484,
0001326732,1354,
0001327567,137,
0001328581,1091,
0001328792,,0001104659-23-055697
0001329377,,0001445546-22-007064;0001445546-22-007067;0001445546-23-001837;0001445546-23-005096
0001329606,,0001493152-23-008016
0001331520,790,
0001331875,463,
0001333986,472,
0001334036,836,
0001335258,295,
0001336920,403,
0001337619,1007,
0001338065,619,
0001340652,1370,
0001341439,27,
0001341766,641,
0001342958,,0001493152-22-023866
0001345016,1215,
0001345125,,0000894189-23-009235
0001345126,1361,
0001347242,,0001753926-22-001607
0001348036,590,
0001349706,,0001214659-22-010929
0001350102,,0001079973-22-000998
0001350487,,0001193125-22-176247;0001193125-22-246808;0001214659-22-014756;0001214659-23-001459;0001214659-23-016508;0001214659-24-000992;0001214659-24-000993;0001214659-24-004459;0001214659-24-004461;0001214659-24-005994
0001350593,1249,
0001352010,313,
0001353283,360,
0001354327,1498,
0001356576,1360,
0001357615,606,
0001359057,,0000894189-23-008311
0001359841,891,
0001361113,1094,
0001361658,938,
0001362004,1328,
0001362468,1237,
0001363829,944,
0001364479,922,
0001364608,,0001445546-23-001716;0001445546-23-007155
0001364742,62,
0001364885,967,
0001364954,1106,
0001365135,649,
0001366561,894,
0001367644,1343,
0001368265,1445,
0001368458,1476,
0001368622,1220,
0001370637,428,
0001370880,734,
0001370946,529,
0001371285,1133,
0001372612,875,
0001373715,70,
0001374328,,0001437749-23-025837
0001374339,,0001104659-22-073200
0001374535,1100,
0001374881,,0001477932-24-002307
0001375365,1087,
0001376139,977,
0001377936,,0001213900-22-066769;0001213900-22-079545;0001213900-23-029950
0001378872,,0001193125-22-256524;0001193125-23-286088;0001193125-24-073468;0001193125-24-166503
0001378992,601,
0001380106,,0001104659-22-089672
0001381668,873,
0001383312,332,
0001383650,272,
0001383951,,0001104659-24-030910;0001104659-24-043464
0001384101,1296,
0001385157,166,
0001385280,1203,
0001385867,777,
0001386278,1422,
0001388658,814,
0001389050,1499,
0001389170,380,
0001391127,,0001193125-24-156805
0001393066,1407,
0001393311,,0001193125-23-211436
0001393612,257,
0001393818,89,
0001394832,,0001193125-23-152987;0001193125-23-180613
0001396009,289,
0001396092,,0001839882-24-013169
0001396814,1131,
0001397016,,0001493152-23-007551
0001397187,184,
0001397702,1396,
0001397911,359,
0001398659,531,
0001399073,,0001140361-24-024963
0001399075,,0001140361-24-024963
0001399076,,0001140361-24-024963
0001399077,,0001140361-24-024963
0001399078,,0001140361-24-024963
0001399079,,0001140361-24-024963
0001399080,,0001140361-24-024963
0001399081,,0001140361-24-024963
0001399084,,0001140361-24-024963
0001400118,,0001104659-23-079973
0001400271,,0001493152-22-027706
0001402057,271,
0001402436,397,
0001403161,,0001193125-22-165332
0001403568,312,
0001404123,987,
0001404655,401,
0001404912,220,
0001405495,1291,
0001406234,,0001104659-24-066968
0001406588,,0001683168-23-006532
0001408075,634,
0001408100,1075,
0001408198,179,
0001408710,953,
0001408970,,0001829126-22-015629
0001409493,,0001193125-24-144491
0001410384,1142,
0001410636,252,
0001411207,876,
0001411579,600,
0001413329,,0001104659-24-069109
0001413447,141,
0001414040,,0001398344-23-015091;0001398344-23-022043
0001415726,,0001013762-24-001335;0001013762-24-001336;0001013762-24-001338;0001013762-24-001340;0001213900-24-004845;0001213900-24-006833;0001213900-24-016839;0001213900-24-025438;0001213900-24-025440;0001213900-24-025444;0001213900-24-035653;0001213900-24-046938;0001213900-24-046939;0001213900-24-046943;0001213900-24-055268;0001213900-24-055269;0001213900-24-055270;0001213900-24-055271;0001213900-24-055273;0001213900-24-055276;0001213900-24-055278;0001213900-24-055279;0001213900-24-055280;0001437749-22-017509;0001437749-22-018796;0001437749-22-025727;0001437749-22-026923;0001437749-23-008536;0001437749-23-008537;0001437749-23-008538;0001437749-23-008539;0001437749-23-018685;0001437749-23-018686;0001437749-23-018687;0001437749-23-018688;0001437749-23-019855;0001437749-23-024749;0001437749-23-026803;0001437749-23-026804;0001437749-23-026805;0001437749-23-026809;0001437749-23-026810;0001437749-23-026811;0001437749-23-026812;0001437749-23-026813;0001437749-23-028900;0001437749-23-033026;0001437749-23-035181;0001437749-23-035182;0001437749-23-035183;0001437749-23-035184;0001437749-23-035185;0001437749-23-035186;0001437749-23-035187
0001415813,,0001683168-23-004406
0001415995,,0001104659-22-106800
0001417398,981,
0001418091,223,
0001418135,126,
0001418144,,0001193125-22-296111;0001193125-24-178884
0001418819,705,
0001419612,315,
0001419828,,0001213900-22-030425
0001420800,1004,
0001423689,,0001423689-22-000061
0001423902,473,
0001424929,883,
0001424958,,0001193125-22-159305;0001193125-22-204588;0001193125-22-204589;0001193125-22-236524;0001193125-22-313677;0001193125-23-168717;0001193125-23-231560;0001193125-24-020761;0001193125-24-058093;0001193125-24-135877;0001193125-24-151247;0001193125-24-165632;0001193125-24-178223
0001425205,1308,
0001425355,,0001104659-22-087068
0001426439,,0001104659-22-062762;0001104659-22-076067;0001104659-22-105141;0001104659-23-052396;0001999371-24-006022
0001428336,783,
0001428439,533,
0001428522,1364,
0001428875,729,
0001430602,,0001193125-24-153016
0001430723,810,
0001431852,,0001062993-23-013510;0001062993-23-020382
0001432353,,0001432353-22-000338;0001432353-22-000339;0001432353-22-000362;0001432353-22-000418;0001432353-22-000455;0001432353-22-000456;0001432353-22-000457;0001432353-23-000026;0001432353-23-000027;0001432353-23-000059;0001432353-23-000063;0001432353-23-000293;0001432353-23-000447;0001432353-23-000523;0001432353-23-000527;0001432353-23-000559;0001432353-23-000563;0001432353-23-000576;0001432353-23-000615;0001432353-23-000721;0001432353-24-000104;0001432353-24-000354;0001432353-24-000356;0001432353-24-000385
0001433270,441,
0001433551,,0001493152-24-006894
0001434316,1057,
0001434588,1027,
0001435318,,0001193125-23-072744
0001437107,,0001193125-24-153016
0001437249,,0001580642-22-005876;0001580642-24-001072
0001437578,717,
0001438133,854,
0001438533,1430,
0001439288,747,
0001439404,511,
0001441816,300,
0001442145,238,
0001443611,,0001477932-23-009150
0001443646,433,
0001443669,1486,
0001444380,1421,
0001444406,,0001104659-23-003719;0001104659-23-078601;0001104659-24-005069
0001446687,,0001446687-23-000044
0001446847,1334,
0001447669,392,
0001448056,877,
0001448893,827,
0001450011,,0001193125-22-166316;0001193125-22-279114;0001193125-23-000886;0001193125-23-042073;0001193125-23-152959;0001193125-23-152976
0001451505,1188,
0001451809,890,
0001452344,,0001140361-24-024963
0001452937,,0001213900-22-049765;0001213900-23-052488;0001213900-23-096206
0001454510,,0001683168-22-008430
0001454889,,0001104659-22-083814;0001104659-22-103429;0001104659-23-074381;0001104659-24-083630
0001458023,,0001829126-23-002174
0001458891,1275,
0001459188,,0001017386-23-000127
0001459200,950,
0001462120,1382,
0001463101,181,
0001463172,514,
0001463258,1026,
0001464423,,0001193125-23-239711
0001464790,1446,
0001466143,,0001193125-24-153016
0001466258,206,
0001466593,1063,
0001467845,,0001683168-23-000257
0001467858,129,
0001468328,1432,
0001468492,,0001193125-22-173561
0001469367,633,
0001471265,1313,
0001471824,,0001654954-22-012443
0001472787,676,
0001474735,352,
0001475922,776,
0001476150,801,
0001477294,625,
0001477449,689,
0001477720,933,
0001477815,1427,
0001477818,,0001193125-24-073961
0001477821,,0001193125-24-073961
0001477822,,0001193125-24-073961
0001478242,158,
0001478482,,0001133228-22-006556;0001133228-22-007671;0001193125-23-257453;0001193125-23-257459;0001193125-23-296248;0001193125-24-098689
0001479026,,0001193125-23-008166;0001193125-23-043460;0001193125-23-177249;0001193125-23-243687;0001193125-23-247526;0001193125-23-247528;0001193125-23-274299;0001193125-24-176680;0001193125-24-180247;0001193125-24-180257
0001479681,1355,
0001482512,1212,
0001484018,,0001484018-23-000025;0001484018-24-000002;0001484018-24-000039;0001484018-24-000070;0001484018-24-000118
0001485894,,0001193125-22-137884;0001193125-22-150968;0001193125-22-169001;0001193125-22-200009;0001193125-22-200010;0001193125-22-200012;0001193125-22-211284;0001193125-22-243381;0001193125-23-058018;0001193125-23-065990;0001193125-23-083324;0001193125-23-093875;0001193125-23-093894;0001193125-23-093896;0001193125-23-093898;0001193125-23-178220;0001193125-23-178222;0001193125-23-178224;0001193125-23-178226;0001193125-23-222316;0001193125-23-223887;0001193125-23-223894;0001193125-23-236185;0001193125-23-241217;0001193125-23-258281;0001193125-24-017567;0001193125-24-121900
0001486159,1140,
0001486957,746,
0001487428,,0001104659-22-071743
0001487712,872,
0001487718,,0001213900-23-002523
0001489393,245,
0001490161,,0000950170-24-049885
0001490906,1494,
0001490978,1278,
0001492422,681,
0001492426,326,
0001492617,,0001493152-23-008893
0001492633,540,
0001492691,526,
0001493580,,0001493580-22-000049;0001493580-23-000038;0001493580-23-000039
0001493594,878,
0001493761,,0000929638-23-001003
0001494319,819,
0001495222,,0001213900-22-033312;0001213900-24-059809
0001495240,,0001193125-23-162518
0001495648,,0001477932-22-006908
0001495922,,0001580642-23-006176
0001496099,,0001628280-23-038659
0001496608,,0000919574-22-005488;0000919574-22-005489;0000919574-23-002213;0000919574-23-002214;0000919574-23-002215;0000919574-23-002927;0000919574-23-005271;0000919574-23-006695;0000919574-23-006696;0000919574-23-006697;0000919574-23-006699;0000919574-23-006700;0000919574-24-003503;0000919574-24-003504;0000919574-24-003929
0001497770,916,
0001499717,,0001493152-23-035028
0001499780,,0001104659-23-087262
0001499961,,0001829126-24-003062
0001500305,,0001493152-23-005060
0001500604,,0001193125-23-270536
0001500881,,0001213900-23-099644
0001501570,1376,
0001501585,539,
0001501825,,0001193125-23-253884
0001501958,,0001683168-23-001521
0001502292,,0001140361-23-038613
0001503123,,0000088053-22-000674;0000088053-22-001108;0000088053-22-001123;0000088053-23-000141;0000088053-23-000358;0000088053-23-000695;0000088053-23-000710;0000088053-23-000774;0000088053-23-000865;0000088053-24-000037;0000088053-24-000476;0000088053-24-000591
0001504008,1017,
0001504776,1461,
0001505611,,0001213900-22-023892
0001506001,,0000898432-22-000623;0000898432-23-000702;0000898432-24-000054;0000898432-24-000226;0000898432-24-000488;0000898432-24-000489;0000898432-24-000635
0001506213,,0001580642-22-003316
0001506307,175,
0001507079,543,
0001507605,1469,
0001509589,769,
0001509991,1069,
0001510295,139,
0001511699,,0000894189-22-003964;0000894189-24-002579
0001511737,338,
0001512228,1120,
0001513331,,0001104659-22-080674
0001513332,,0001104659-22-080674
0001513761,754,
0001514183,,0001213900-22-058847;0001213900-23-097364
0001514281,,0001514281-24-000015;0001514281-24-000092
0001514443,,0001829126-22-020293
0001515673,917,
0001516513,565,
0001516551,,0001628280-24-015551
0001517175,1496,
0001517302,1018,
0001517396,,0001213900-22-041077;0001213900-23-097730
0001517413,1471,
0001517767,,0001193125-23-261758
0001517936,,0001445546-22-006923;0001445546-22-007670;0001445546-23-002768;0001445546-23-004773;0001445546-23-004775;0001445546-23-004786;0001445546-23-004864;0001445546-23-004866;0001445546-23-007396;0001445546-24-001530;0001445546-24-001557;0001445546-24-002228
0001518042,,0001580642-22-006319;0001580642-23-002094;0001580642-23-003199;0001580642-23-005015;0001580642-24-002170
0001519449,,0001104659-23-003388
0001519472,,0001640334-24-000210
0001519751,523,
0001520006,636,
0001520262,858,
0001520697,599,
0001521036,740,
0001521332,251,
0001524358,706,
0001524472,363,
0001524513,,0001193125-22-176098;0001193125-23-240190
0001524872,,0001683168-23-004521
0001525306,,0001477932-23-001827;0001477932-24-000925
0001525769,1311,
0001526113,,0001104659-23-099322
0001526520,1163,
0001526787,,0001133228-23-006252
0001527166,416,
0001527352,,0001829126-22-016878
0001527428,,0001580642-22-004712
0001527469,,0001193125-22-303260;0001193125-24-000190;0001193125-24-064941
0001527508,1318,
0001527599,,0001193125-24-040093
0001528129,1417,
0001528396,650,
0001528849,630,
0001528930,1495,
0001529390,,0001213900-23-099774;0001213900-24-059882
0001530721,627,
0001530804,1162,
0001530950,739,
0001531152,518,
0001531978,1443,
0001532206,,0001580642-24-001053
0001532961,1235,
0001533231,,0001193125-24-076060
0001533232,,0001193125-24-076060
0001533233,,0001193125-24-076060
0001533234,,0001193125-24-076060
0001534701,168,
0001535929,668,
0001537054,1277,
0001537140,,0001580642-23-006304;0001580642-23-006695;0001580642-24-000993
0001538379,,0001628280-24-016241
0001539638,1327,
0001539838,283,
0001540305,,0000894189-22-004357;0000894189-22-004899;0000894189-22-005371;0000894189-22-006763;0000894189-22-007281;0000894189-22-007583;0000894189-22-008552;0000894189-22-008704;0000894189-22-008833;0000894189-23-002717;0000894189-23-004108;0000894189-23-004116;0000894189-23-004171;0000894189-23-005428;0000894189-23-006964;0000894189-23-008212;0000894189-23-008787;0000894189-24-000054;0000894189-24-004394
0001540684,,0001493152-22-030928
0001543151,154,
0001543199,,0001193125-24-169170
0001543989,,0001104659-23-030478
0001544206,,0001193125-23-280773
0001545440,,0001580642-22-005888;0001580642-22-006331;0001580642-24-001597;0001580642-24-001598
0001546417,1323,
0001547576,,0001829126-22-016352;0001829126-22-016877;0001829126-23-000705;0001829126-23-005614;0001829126-23-005904;0001829126-23-005955;0001829126-24-000785;0001829126-24-000786;0001829126-24-004783;0001829126-24-004860;0001829126-24-004945
0001547580,,0001683863-22-006688;0001683863-22-006994;0001683863-23-005102;0001683863-23-008362;0001683863-24-004303;0001683863-24-004584
0001547903,1387,
0001547950,,0001213900-22-023221;0001213900-23-041560;0001213900-23-082226;0001213900-23-096461;0001213900-24-021298
0001549346,1257,
0001551152,20,
0001551182,115,
0001551306,1086,
0001551950,,0001193125-23-091757
0001552000,216,
0001552033,394,
0001552198,,0001104659-23-094928
0001552740,,0001445546-22-003285;0001445546-24-003067;0001445546-24-004584
0001552797,1166,
0001552947,,0001580642-22-003557;0001580642-22-003737;0001580642-22-006541;0001580642-23-005005;0001580642-24-000061
0001553264,,0001683168-22-008699
0001555280,74,
0001556748,,0001193125-22-242885;0001193125-23-054085;0001193125-23-171956;0001193125-23-171958;0001193125-23-171960;0001193125-23-171961;0001193125-23-171962;0001193125-23-171964;0001193125-23-171966;0001193125-23-171967;0001193125-23-171969;0001193125-23-171970;0001193125-23-171972;0001193125-23-171973;0001193125-23-171974;0001193125-23-171977;0001193125-23-171978;0001193125-24-056161
0001556801,,0001640334-22-002328
0001557157,,0001104659-23-077492
0001557798,,0001683168-23-001303
0001558740,,0001829126-22-011075
0001559053,1442,
0001559432,,0001193125-23-015620
0001559865,1090,
0001560327,918,
0001560385,,0001104659-23-086344
0001561680,1295,
0001561894,,0001193125-23-269558
0001562476,997,
0001562565,,0001193125-24-031615;0001379491-23-000022
0001563190,1384,
0001563568,,0001193125-22-187980
0001564406,624,
0001564618,1065,
0001564902,964,
0001565037,,0001193125-24-073961
0001565160,,0001193125-24-073961
0001567514,752,
0001567683,592,
0001567892,,0001104659-22-110773
0001567925,,0001567925-24-000047
0001568100,1195,
0001568194,,0001193125-22-280139
0001570585,,0001570585-23-000478
0001570827,1289,
0001571123,731,
0001571949,121,
0001571996,212,
0001572616,,0001193125-24-018101
0001572661,,0001572661-22-000102;0001572661-23-000114
0001573516,644,
0001575515,1039,
0001575828,1493,
0001576263,946,
0001576280,750,
0001576427,1419,
0001576873,,0001493152-23-033170
0001576914,842,
0001576940,1380,
0001577916,822,
0001578078,,0001140361-24-024963
0001578081,,0001140361-24-024963
0001578084,,0001140361-24-024963
0001578085,,0001140361-24-024963
0001578087,,0001140361-24-024963
0001578092,,0001140361-24-024963
0001578093,,0001140361-24-024963
0001578096,,0001140361-24-024963
0001578097,,0001140361-24-024963
0001578098,,0001140361-24-024963
0001578111,,0001140361-24-024963
0001578732,1397,
0001579091,,0001193125-23-235388
0001579241,512,
0001579298,509,
0001579428,1428,
0001579881,,0001104659-23-005793;0001104659-23-104732;0001104659-24-002959;0001104659-24-011704;0001104659-24-049781;0001104659-24-065959;0001104659-24-073819;0001104659-24-073822;0001104659-24-080727
0001580156,1104,
0001580560,1174,
0001580670,1111,
0001580843,,0001398344-22-011862
0001580905,1052,
0001581178,,0001193125-24-010298
0001581280,1152,
0001581760,,0001193125-24-153118
0001581990,1213,
0001582313,1335,
0001582961,841,
0001584207,808,
0001584509,541,
0001585364,711,
0001585689,199,
0001587523,1320,
0001587551,,0001580642-23-002889;0001580642-24-003183
0001587732,817,
0001587982,,0001398344-22-010017;0001398344-22-010019;0001398344-22-010021;0001398344-22-010023;0001398344-22-010026;0001398344-22-010028;0001398344-22-010029;0001398344-22-010032;0001398344-22-010033;0001398344-22-010035;0001398344-22-010038;0001398344-22-010039;0001398344-22-010042;0001398344-22-010043;0001398344-22-010046;0001398344-22-010047;0001398344-22-010050;0001398344-22-010051;0001398344-22-012389;0001398344-22-012391;0001398344-22-012393;0001398344-22-012395;0001398344-22-012397;0001398344-22-017905;0001398344-22-018126;0001398344-22-018384;0001398344-22-018780;0001398344-22-019905;0001398344-22-024044;0001398344-23-012265;0001398344-24-005513
0001587987,,0001587987-23-000208;0001587987-24-000111
0001588489,,0000950170-24-001501
0001588978,1363,
0001589149,,0001493152-22-020048
0001590364,1192,
0001590714,792,
0001590717,,0001628280-22-013828
0001590877,1482,
0001590895,501,
0001590955,319,
0001591587,1463,
0001591698,459,
0001592782,,0001213900-23-099910
0001592900,,0001592900-23-000539;0001592900-23-000589;0001592900-23-000744;0001592900-23-000872;0001592900-23-000981;0001592900-23-000983;0001592900-23-001033;0001592900-23-001057;0001592900-23-001350;0001592900-23-001394;0001592900-24-000052;0001592900-24-000247;0001592900-24-000438;0001592900-24-000440;0001592900-24-000640;0001592900-24-000956;0001592900-24-001127;0001829126-22-011197;0001829126-22-013865;0001829126-22-015183;0001829126-22-015846;0001829126-22-016521;0001829126-22-017230;0001829126-22-017400;0001829126-22-017495;0001829126-22-017638;0001829126-22-018970;0001829126-22-019286;0001829126-22-019417;0001829126-22-019422;0001829126-23-000665;0001829126-23-001952;0001829126-23-002594;0001829126-23-002624;0001829126-23-002828;0001829126-23-003052;0001829126-23-005139;0001829126-23-006130;0001829126-23-007206;0001829126-23-007207;0001829126-23-007214;0001829126-23-007215
0001593204,,0001640334-23-000447
0001593275,,0001628280-23-038077
0001593538,1178,
0001593547,,0001398344-24-006711;0001398344-24-006770
0001594012,966,
0001595386,,0001193125-22-226263
0001595893,920,
0001596532,195,
0001596783,310,
0001597033,1263,
0001597264,1037,
0001597389,,0001171200-22-000256;0001171200-23-000012;0001171200-23-000288;0001171200-23-000350;0001171200-23-000432
0001597553,1256,
0001599489,1314,
0001600033,1338,
0001600438,1196,
0001600626,,0001140361-23-017766
0001601046,244,
0001601712,373,
0001601830,1452,
0001601936,,0001213900-23-028840
0001602065,1176,
0001602508,,0000894189-22-007517;0000894189-23-007503
0001603652,,0001193125-23-258518
0001603756,1034,
0001603923,1386,
0001604028,497,
0001604112,,0001193125-22-178810;0001193125-24-149172
0001604174,,0001104659-24-006262
0001604643,813,
0001604778,468,
0001604821,823,
0001605803,,0001193125-22-282077;0001193125-23-286891;0001193125-24-067458
0001606498,1487,
0001607939,1378,
0001609253,960,
0001609550,700,
0001609702,654,
0001610250,1303,
0001610466,658,
0001610940,,0001213900-23-033998
0001610950,569,
0001611052,622,
0001611282,,0001575872-23-000258
0001611547,1281,
0001611596,,0001140361-24-024963
0001611647,1182,
0001611746,,0001213900-23-090607
0001612930,,0000894189-22-007681;0000894189-24-000939
0001613103,54,
0001614184,999,
0001616000,1297,
0001616318,1357,
0001616668,,0000894189-22-003747;0000894189-22-007974;0000894189-22-009108;0000894189-23-002466;0000894189-24-001793;0000894189-24-003986;0000894189-24-003989
0001616862,718,
0001617406,932,
0001617867,,0001683168-24-000462
0001618230,,0001140361-24-024963
0001618563,,0001628280-23-032282
0001618627,,0000894189-22-009310
0001618673,588,
0001618732,975,
0001618756,364,
0001618921,208,
0001620749,,0001640334-23-000227
0001621007,,0001140361-24-024963
0001622536,,0001628280-24-031419
0001623925,793,
0001624868,,0001193125-22-247103;0001193125-23-157851;0001193125-24-129338
0001625285,,0001683168-23-001161
0001625641,1447,
0001627014,487,
0001627041,,0001493152-23-008816
0001627223,721,
0001627282,,0001104659-23-060491
0001627475,1160,
0001627554,,0001017386-22-000285
0001627857,679,
0001628171,1372,
0001628369,906,
0001628908,1024,
0001628945,,0001193125-23-239739
0001629137,1226,
0001632127,558,
0001632790,1234,
0001632970,,0001193125-24-024676
0001633061,,0001213900-22-046708;0001213900-22-049284;0001213900-23-075203;0001213900-23-076885;0001213900-23-085372;0001213900-24-006382;0001213900-24-006383;0001213900-24-006384;0001213900-24-006385;0001213900-24-006386;0001213900-24-006387;0001213900-24-006388;0001213900-24-006389;0001213900-24-006390;0001213900-24-006392;0001213900-24-006393;0001213900-24-006394;0001213900-24-043536
0001633336,,0001193125-23-065845
0001633917,65,
0001633931,628,
0001633978,665,
0001634997,330,
0001635073,,0001193125-22-177424;0001193125-24-059580
0001635088,1092,
0001636222,909,
0001636639,,0001193125-23-176670
0001637459,157,
0001638833,951,
0001639300,925,
0001639438,,0001628280-23-022108
0001639691,973,
0001640147,143,
0001642545,597,
0001643303,,0001213900-23-005684;0001213900-24-006540
0001643953,,0001213900-22-059151;0001213900-23-011145;0001213900-24-056857
0001643988,,0001104659-22-101210
0001644406,1022,
0001644419,,0001580642-22-004212;0001580642-22-004405;0001580642-22-005910;0001580642-23-000968;0001580642-23-005043;0001580642-23-006385;0001580642-24-001005;0001580642-24-001679
0001644440,1180,
0001644515,,0001575872-23-001896
0001644675,733,
0001645070,1292,
0001645113,616,
0001645590,335,
0001646972,409,
0001647088,542,
0001647572,,0001193125-22-248118;0001193125-24-152371
0001647639,1242,
0001647822,,0001493152-23-001036;0001493152-23-008614
0001648403,,0001387131-22-012243;0001387131-23-012950;0001999371-23-000338;0001999371-24-001593
0001649094,1484,
0001649373,,0001104659-22-120596;0001104659-23-002521
0001649749,1260,
0001650101,,0001493152-22-021932
0001650149,,0000894189-22-004108;0000894189-22-008081;0000894189-22-008311;0000894189-22-009112;0000894189-23-000904;0000894189-23-003703;0000894189-23-008691
0001650729,664,
0001651562,1267,
0001652044,3,
0001652130,782,
0001652935,,0001104659-24-073197
0001653384,,0001104659-22-083673;0001104659-22-125142
0001653477,1123,
0001655210,1255,
0001655589,,0001137439-23-000770;0001680359-22-000194;0001680359-22-000196;0001680359-22-000244;0001680359-23-000222;0001680359-23-000313;0001680359-23-000329
0001655759,1082,
0001657184,,0001140361-24-024963
0001657201,,0001104659-23-023603;0001193125-22-237341;0001193125-23-229725;0001193125-24-155912
0001657312,1125,
0001657573,1368,
0001657853,587,
0001658551,1401,
0001658566,1288,
0001659166,281,
0001659494,,0001104659-23-063802
0001660280,848,
0001660734,884,
0001662991,,0001213900-23-066553
0001665650,,0000950103-24-001155
0001665918,620,
0001666134,912,
0001666138,846,
0001666268,,0000950103-22-012769
0001666291,1110,
0001666700,229,
0001667919,,0001445546-22-004043;0001445546-22-006094;0001445546-23-000260;0001445546-23-000825;0001445546-23-001367;0001445546-23-001872;0001445546-23-001874;0001445546-23-002497;0001445546-23-003290;0001445546-23-003292;0001445546-23-003719;0001445546-23-004319;0001445546-23-004321;0001445546-23-004985;0001445546-23-004987;0001445546-23-004989;0001445546-23-005772;0001445546-23-005774;0001445546-23-006757;0001445546-23-006759;0001445546-23-007053;0001445546-23-007526;0001445546-23-007528;0001445546-23-007530;0001445546-23-007586;0001445546-23-008127;0001445546-23-008129;0001445546-24-000351;0001445546-24-000353;0001445546-24-001234;0001445546-24-001236;0001445546-24-002341;0001445546-24-002460;0001445546-24-002721;0001445546-24-002872;0001445546-24-003356;0001445546-24-003646;0001445546-24-003648;0001445546-24-003753;0001445546-24-004310;0001445546-24-004314;0001445546-24-004317;0001445546-24-004941;0001445546-24-005144
0001668397,741,
0001668717,,0001193125-24-073961
0001669162,716,
0001670076,1020,
0001670196,,0001477932-23-001805
0001670541,1010,
0001670592,838,
0001672013,954,
0001672886,,0001079973-23-001484
0001673358,306,
0001674101,845,
0001674168,784,
0001674335,1410,
0001674416,696,
0001674862,728,
0001674910,703,
0001674930,1321,
0001675033,,0001133228-24-003853;0001140361-23-040075
0001675149,517,
0001676326,,0001104659-23-126740;0001104659-23-126741;0001104659-24-004011;0001104659-24-031520;0001133228-23-000209;0001133228-23-005666;0001133228-23-005668;0001133228-23-005670
0001677576,1103,
0001678261,,0001193125-24-144045
0001679063,,0001104659-22-089147
0001679273,456,
0001679379,,0001213900-23-011522;0001213900-24-012753
0001679826,1440,
0001681009,,0001104659-22-080674
0001681459,930,
0001682220,,0001104659-22-057358;0001104659-22-092458
0001682745,1129,
0001682852,102,
0001683471,,0000894189-22-003539;0000894189-22-003819;0000894189-22-003847;0000894189-22-004775;0000894189-22-005202;0000894189-22-008751;0000894189-22-009069;0000894189-22-009291;0000894189-22-009293;0000894189-23-000557;0000894189-23-001094;0000894189-23-001757;0000894189-23-001919;0000894189-23-001965;0000894189-23-005875;0000894189-23-007038;0000894189-23-008535;0000894189-24-001734;0000894189-24-002599
0001685040,1000,
0001687229,276,
0001688476,1156,
0001688568,611,
0001688757,1449,
0001689813,483,
0001689873,,0001493152-22-020900;0001493152-22-034977;0001493152-23-029017;0001493152-24-010051
0001690820,,0001193125-23-009007
0001691303,1381,
0001692115,693,
0001692787,,0001193125-22-260652
0001692819,465,
0001694426,1293,
0001699031,,0001193125-24-132022
0001699150,311,
0001700849,,0001185185-23-000218
0001701051,1391,
0001701114,,0001701114-23-000114
0001701478,,0001493152-23-017652
0001702744,992,
0001703057,1074,
0001703785,,0001193125-22-171929
0001704292,178,
0001704715,1134,
0001704720,1325,
0001706431,927,
0001706946,1283,
0001707753,594,
0001707910,,0001213900-22-046726
0001707919,,0001140361-24-009726
0001707925,42,
0001708035,1456,
0001708441,,0001104659-23-124822
0001709318,,0000092103-23-000027
0001709319,,0000092103-24-000023
0001709442,,0001709442-24-000047
0001709682,1420,
0001710155,1172,
0001710495,,0001493152-23-025767
0001710607,,0001710607-22-000251;0001710607-22-000255;0001710607-23-000030;0001710607-23-000151;0001710607-23-000163;0001710607-23-000219;0001710607-23-000254;0001710607-23-000301;0001710607-23-000303;0001710607-24-000032;0001710607-24-000122
0001711269,382,
0001711279,1302,
0001712762,,0001493152-22-021031
0001713210,,0001493152-23-036678
0001713445,,0001628280-24-012110
0001713683,288,
0001713748,,0001104659-23-118278
0001714899,864,
0001717115,,0001193125-24-159105
0001718500,,0001520138-24-000065
0001718512,949,
0001718852,1373,
0001719812,,0001387131-23-000167;0001839882-23-030017;0001839882-23-030020;0001999371-23-000732;0001999371-23-000734;0001999371-24-004968;0001999371-24-006641
0001720635,691,
0001720868,,0001193125-23-072744;0001193125-24-162593
0001720869,,0001193125-23-072744;0001193125-24-162593
0001721056,,0001477932-23-001149
0001721484,,0001213900-23-067182
0001721947,1062,
0001722388,,0001999371-24-008690
0001722482,341,
0001722684,661,
0001722969,,0001214659-22-011386
0001723089,852,
0001723128,,0001193125-23-272933;0001193125-23-303010
0001723596,1194,
0001724521,1286,
0001724965,1406,
0001725057,552,
0001725160,1479,
0001725210,,0001193125-24-181510
0001725255,1053,
0001727074,,0001683863-22-004665;0001683863-22-007511;0001683863-23-005522;0001683863-23-008072;0001683863-24-004164
0001727263,1205,
0001727398,,0000894189-22-003968
0001728683,,0001387131-23-001196;0001387131-23-001198;0001387131-23-001199;0001387131-23-001200;0001387131-23-003824;0001999371-24-002990
0001728860,,0001193125-23-174602
0001730168,25,
0001730430,,0001104659-24-076282
0001731348,1274,
0001732845,474,
0001733998,1304,
0001736297,,0001193125-24-069129
0001737287,1300,
0001737523,,0001477932-23-005410
0001737706,,0001193125-22-261103
0001737924,,0001628280-24-002012
0001739104,505,
0001739445,1147,
0001739940,73,
0001739942,1349,
0001740332,993,
0001741530,,0001104659-22-070316
0001742341,,0001213900-23-024004
0001742912,,0000894189-22-003512;0000894189-22-003550;0001387131-22-006760;0001387131-22-006915;0001387131-22-008317;0001387131-22-008814;0001387131-22-009587;0001387131-22-009624;0001387131-22-010003;0001387131-22-012494;0001387131-23-007202;0001387131-23-008823;0001826466-22-000056;0001826466-22-000063;0001839882-22-021246;0001839882-22-030216;0001839882-23-029421;0001839882-23-030428;0001999371-23-000340;0001999371-23-000527
0001742924,879,
0001743759,1485,
0001744489,30,
0001745041,762,
0001745201,,0001193125-24-124249
0001745916,1048,
0001745999,833,
0001747009,974,
0001747172,,0001213900-24-045398
0001747565,,0001104659-23-008308;0001104659-23-063414;0001104659-24-057789
0001748137,,0001393905-22-000248
0001748425,,0001193125-23-000941
0001748790,321,
0001749704,1066,
0001749723,493,
0001750625,,0001193125-22-265221;0001628280-24-005515
0001750721,,0001193125-22-265221;0001628280-24-005515
0001750736,,0001193125-22-265221;0001628280-24-005515
0001751008,423,
0001751788,182,
0001752836,1068,
0001753391,,0001683168-23-001715
0001754836,,0001104659-23-084820;0001104659-24-044783
0001755672,170,
0001756180,,0001683168-22-004563
0001756497,585,
0001756499,,0001193125-22-218145;0001193125-22-310955
0001756655,,0001193125-24-179670
0001756701,,0001193125-22-243754
0001757073,647,
0001757499,,0001493152-22-024265
0001757898,285,
0001758766,1341,
0001759186,,0001683168-22-007257
0001759655,882,
0001760588,,0001580642-23-005198
0001760965,1248,
0001761055,,0001193125-22-219787;0001193125-23-146918;0001193125-23-241460;0001193125-23-259798;0001193125-24-076323;0001193125-24-153099;0001193125-24-160593;0001193125-24-177753
0001761312,1405,
0001763415,,0001999371-23-001337
0001764046,502,
0001764974,,0001193125-23-188161
0001765850,,0001213900-23-052867
0001767042,,0001193125-23-176972
0001767258,1362,
0001769624,,0001213900-22-073874
0001769759,,0001104659-23-061786
0001770450,1114,
0001770787,824,
0001771146,,0001387131-23-004524;0001387131-23-009103;0001387131-23-009117;0001387131-23-010758;0001387131-23-012121;0001387131-23-012585;0001387131-23-013011;0001839882-23-030500;0001999371-24-000234;0001999371-24-000711;0001999371-24-006985;0001999371-24-007818
0001771515,871,
0001771917,893,
0001772016,985,
0001772283,,0001213900-24-020515
0001773383,475,
0001773427,1436,
0001775734,,0001193125-23-162213
0001776661,1458,
0001777393,755,
0001781174,,0001193125-22-279053
0001781335,217,
0001781446,,0001213900-24-049998
0001782170,1400,
0001782303,,0001193125-24-075413
0001782430,,0001493152-23-005343
0001782524,,0001104659-24-005575
0001782952,,0001999371-24-008899
0001783180,209,
0001783400,1426,
0001784440,,0001185185-23-000223
0001784851,,0001628280-23-026242
0001784970,1009,
0001785056,,0001193125-23-021855
0001785279,,0001193125-24-024168
0001786108,,0001213900-22-040857;0001213900-24-027255;0001213900-24-063053
0001786352,414,
0001786431,671,
0001786842,865,
0001788257,,0001213900-24-047107
0001788999,,0001193125-22-231416
0001789832,1489,
0001790982,1011,
0001792044,451,
0001792580,425,
0001792789,,0001628280-23-033027
0001792849,1130,
0001792941,,0001477932-22-004262
0001793895,,0001731122-24-000600
0001794669,1041,
0001794776,,0001213900-24-003878
0001794905,1210,
0001795091,,0001615774-24-000005
0001795351,,0001741773-22-002622;0001741773-23-000930;0001741773-24-001969
0001795815,,0001493152-23-011285
0001796160,,0001096906-23-000347
0001797318,,0001137439-22-000987;0001137439-23-000077;0001137439-24-000643;0001680359-22-000225;0001680359-23-000048;0001680359-23-000105;0001680359-23-000137;0001680359-23-000218;0001680359-23-000272;0001680359-24-000056;0001797318-24-000014;0001797318-24-000019;0001797318-24-000021;0001797318-24-000026;0001797318-24-000033
0001798458,,0001826466-23-000024
0001799207,,0001193125-24-072111
0001800347,1254,
0001800667,1207,
0001801075,751,
0001801169,1031,
0001801368,685,
0001801602,,0001140361-22-023538
0001802450,,0001104659-22-063867
0001802665,1045,
0001803096,,0001477932-23-001529
0001803599,626,
0001803696,1342,
0001803737,,0001140361-22-020493
0001804196,,0001193125-22-254372;0001193125-23-003220;0001193125-23-147016;0001193125-23-174713;0001193125-23-177431;0001193125-23-292403;0001193125-24-160768
0001804745,757,
0001804850,,0001104659-24-064757;0001104659-24-066144
0001805005,,0001104659-24-064757;0001104659-24-066144
0001805387,892,
0001805526,,0001575872-23-001185
0001806201,1500,
0001806347,,0001104659-22-094777
0001806905,,0001213900-22-036075
0001806952,1475,
0001807427,,0001193125-24-013552
0001807486,,0001193125-23-035861;0001193125-24-083527
0001807794,1179,
0001807887,,0001654954-22-013043
0001807958,,0001193125-22-242885;0001193125-23-054085;0001193125-23-171956;0001193125-23-171958;0001193125-23-171960;0001193125-23-171961;0001193125-23-171962;0001193125-23-171964;0001193125-23-171966;0001193125-23-171967;0001193125-23-171969;0001193125-23-171970;0001193125-23-171972;0001193125-23-171973;0001193125-23-171974;0001193125-23-171977;0001193125-23-171978;0001193125-24-056161
0001808065,,0001193125-22-242885;0001193125-23-054085;0001193125-23-171956;0001193125-23-171958;0001193125-23-171960;0001193125-23-171961;0001193125-23-171962;0001193125-23-171964;0001193125-23-171966;0001193125-23-171967;0001193125-23-171969;0001193125-23-171970;0001193125-23-171972;0001193125-23-171973;0001193125-23-171974;0001193125-23-171977;0001193125-23-171978;0001193125-24-056161
0001808110,,0001213900-23-087880
0001808377,,0001829126-22-010764
0001809104,978,
0001809353,,0001104659-22-110901
0001810019,1453,
0001810546,919,
0001810739,1457,
0001810747,,0001829126-22-010840;0001829126-22-016954;0001829126-22-018076;0001829126-22-018077;0001829126-22-018078;0001829126-22-019432;0001829126-23-002268;0001829126-23-004084;0001829126-23-004099;0001829126-23-004100;0001829126-23-006879;0001829126-23-007156;0001829126-24-001061;0001829126-24-002403
0001810806,467,
0001811210,235,
0001811623,,0001104659-22-088584
0001812360,,0001213900-22-056047;0001213900-22-057723
0001812364,1241,
0001812477,,0001013762-24-002825;0001213900-24-053351
0001813756,,0001193125-23-095036
0001814140,,0001193125-22-212570
0001814215,,0001104659-22-107436;0001193125-23-025555
0001814287,,0001193125-23-182812;0001193125-23-280654
0001814963,,0001104659-22-078395
0001815021,,0001013762-23-000527
0001816125,,0001680359-22-000234;0001680359-23-000168;0001680359-23-000307;0001680359-23-000315;0001680359-23-000322;0001680359-23-000340;0001794202-22-000161
0001816319,,0001213900-22-032411
0001816554,,0001683168-23-001082
0001816723,,0001104659-22-087740
0001817218,,0001213900-22-032053
0001817232,,0001213900-23-099273
0001817241,,0001193125-24-179648
0001817358,929,
0001817740,,0001104659-22-055208
0001817760,,0001104659-24-066596
0001818093,1264,
0001818201,,0001193125-22-307341
0001818605,,0001104659-23-019261
0001818874,699,
0001819142,1395,
0001819253,,0001193125-22-166249;0001193125-22-230057
0001819615,,0001819615-23-000108
0001819848,980,
0001819928,913,
0001819994,1219,
0001820144,,0001140361-22-042994
0001820872,,0001104659-22-068074
0001820875,,0001104659-23-034553
0001821075,,0001213900-22-077647
0001821534,,0001140361-24-024874
0001821788,,0001104659-22-122125
0001821806,1096,
0001821825,571,
0001822372,,0001822372-23-000008
0001822415,,0001096906-24-001460
0001822479,730,
0001822492,1262,
0001822966,,0001104659-22-054359;0001104659-22-056493
0001822993,1171,
0001823000,,0001104659-24-058132
0001823466,,0001104659-22-084153;0001193125-22-210160
0001823529,911,
0001823575,,0001140361-22-022239;0001140361-22-027996;0001193125-22-216315
0001823584,,0001104659-23-019800;0001104659-23-076294
0001823652,,0001193125-22-144667;0001193125-22-150258
0001824316,,0001140361-24-024963
0001824383,,0001140361-24-024963
0001824385,,0001140361-24-024963
0001824387,,0001140361-24-024963
0001824388,,0001140361-24-024963
0001824391,,0001140361-24-024963
0001824392,,0001140361-24-024963
0001824395,,0001140361-24-024963
0001824409,,0001140361-24-024963
0001824410,,0001140361-24-024963
0001824413,,0001140361-24-024963
0001824415,,0001140361-24-024963
0001824417,,0001140361-24-024963
0001824420,,0001140361-24-024963
0001824423,,0001140361-24-024963
0001824425,,0001140361-24-024963
0001824443,,0001140361-24-024963
0001824451,,0001140361-24-024963
0001824459,,0001140361-24-024963
0001824478,,0001140361-24-024963
0001824637,,0001140361-24-024963
0001825088,,0001825088-22-000045
0001825349,,0001213900-23-022609
0001825367,,0001193125-23-233461
0001825452,,0001654954-22-010532
0001825875,,0001213900-22-079483
0001826011,,0001193125-23-300033
0001826376,,0001213900-22-033520
0001826474,,0001477932-23-004932
0001826600,1350,
0001826660,,0001493152-24-005838
0001826667,,0001104659-23-092586
0001826669,,0001213900-23-022086
0001826671,,0001213900-23-023757
0001827075,1044,
0001827090,928,
0001827871,,0001193125-23-198900;0001193125-23-203886
0001828016,759,
0001828108,1385,
0001828182,1061,
0001828248,,0001104659-24-010016
0001828318,1238,
0001828443,862,
0001828739,,0001477932-23-005609
0001828811,,0001193125-23-267661
0001828852,,0001104659-22-080993
0001828962,1431,
0001829247,,0001493152-23-002227
0001829726,,0001104659-22-094487
0001829802,,0001193125-23-063093
0001830029,,0001193125-23-037427;0001193125-24-000728;0001193125-24-016738
0001830043,821,
0001830081,,0001213900-22-058065
0001830188,,0001104659-23-042257
0001830214,811,
0001830696,,0001493152-23-042576
0001831097,491,
0001831313,,0001829126-22-020521;0001829126-23-002190;0001829126-24-002680;0001829126-24-003585;0001829126-24-004379
0001831359,,0001104659-23-031415
0001831481,,0001193125-24-036506
0001831617,1159,
0001831868,,0001193125-22-277072
0001831915,1348,
0001832466,1098,
0001832483,,0001213900-23-063662;0001213900-24-033790
0001832871,,0001193125-22-266636
0001833032,,0000894189-23-000635
0001833498,,0001213900-23-077038
0001833756,,0001628280-22-030896
0001834026,,0001493152-24-023547
0001834488,1331,
0001834494,1472,
0001834518,,0001213900-23-014399
0001834526,,0001104659-24-058463
0001834622,1118,
0001834645,,0001193125-22-279204
0001834755,,0001193125-22-311549
0001834974,,0001193125-22-307511
0001835022,,0000950123-22-012756
0001835256,1231,
0001835591,1367,
0001835632,144,
0001835681,1073,
0001835830,,0001628280-23-032362
0001835856,,0001628280-23-030682
0001835972,,0001213900-24-034984
0001837223,,0001193125-24-076060
0001837240,,0001193125-22-172211
0001837419,,0001193125-24-076060
0001837429,,0001193125-23-276717
0001837607,,0001104659-23-082985;0001104659-23-084851
0001837821,,0001213900-23-022469
0001837824,,0000919574-22-004388
0001838028,,0000930413-24-000030
0001838163,,0001493152-24-010698
0001838293,,0001193125-23-078727
0001838615,,0001193125-22-312610;0001193125-23-004775
0001838987,,0001193125-23-188340;0001193125-23-192359
0001839132,,0001193125-23-035948
0001839439,806,
0001839530,,0001213900-23-093176
0001839608,,0001193125-22-304902
0001839610,,0001213900-23-011786
0001839839,1434,
0001839998,,0001104659-23-103884
0001840425,,0001193125-22-147272
0001840563,,0001213900-23-088543
0001840776,901,
0001840877,,0001013762-23-002246
0001841175,,0001999371-24-000087
0001841425,,0001213900-23-013297
0001841612,,0001628280-24-003334
0001841666,434,
0001841761,,0001193125-22-180310
0001841804,965,
0001842022,736,
0001842556,,0001213900-23-089273
0001842566,,0001654954-23-016064
0001842718,1438,
0001842939,,0001193125-23-190559
0001843165,,0001213900-23-065054
0001843477,,0001104659-22-107989
0001843714,,0000950142-24-000821;0001193125-24-085161
0001843724,,0001628280-23-003310
0001843762,1112,
0001843973,,0001193125-23-303635;0001193125-24-001570
0001843974,,0001575872-23-001209
0001844149,,0001013762-23-007283
0001844452,,0001213900-23-011021;0001213900-23-011495
0001844981,,0001213900-24-029391
0001845257,1200,
0001845437,,0001213900-23-048958
0001845809,,0000928816-22-001096;0000928816-23-000052;0000928816-23-000589
0001845815,1310,
0001846253,,0001193125-22-279194
0001847064,,0001213900-23-059643
0001847367,,0001104659-24-074738
0001847986,,0001104659-22-107212
0001848275,,0001213900-22-029470
0001848758,,0001387131-22-009187;0001387131-23-012520;0001387131-23-012521;0001387131-23-012522;0001999371-23-000901;0001999371-24-001121;0001999371-24-007609
0001848898,,0001213900-23-095140
0001848948,,0001013762-23-002333
0001849056,,0001104659-24-060634
0001849221,,0001213900-24-005764
0001849253,799,
0001849296,,0001493152-22-012636
0001849380,,0001493152-23-040642
0001849635,,0001140361-24-016719
0001849998,,0001623632-22-001373;0001623632-23-001541;0001623632-24-001056
0001850059,,0001829126-24-004262
0001850270,,0001193125-22-195148
0001850391,,0001214659-24-000332
0001851048,,0000950170-24-011056
0001851066,,0001140361-24-024963
0001851484,,0001493152-22-028299
0001851668,,0001140361-24-024963
0001851908,,0001193125-23-169001
0001851959,,0001104659-24-064918
0001851961,,0001104659-24-041823
0001852061,,0000950170-24-037646
0001852131,,0001193125-23-029095
0001852244,724,
0001852317,,0001193125-24-001377
0001852440,,0001213900-22-038467
0001852551,,0001493152-24-023897
0001852633,,0001104659-24-001803
0001852889,,0001193125-22-144484
0001852973,,0001213900-24-013332
0001853044,,0001829126-23-007330
0001853047,,0001213900-22-063562
0001853070,,0001140361-23-055551;0001140361-23-056679
0001853138,,0001193125-23-107660
0001853145,1198,
0001853513,957,
0001854149,,0001193125-23-273242
0001854270,,0001193125-22-174498
0001854275,,0001213900-24-001242
0001854572,,0001213900-23-019805
0001854583,,0001213900-23-084420
0001854963,,0001493152-22-027126;0001493152-22-027592
0001855168,,0001213900-23-011962
0001855175,,0001193125-24-084743
0001855447,,0001213900-23-044099
0001855474,,0001213900-24-024441
0001855557,,0001213900-23-023748
0001855631,,0001193125-23-030266
0001855644,,0001104659-23-034540;0001104659-23-036697
0001855751,,0001493152-23-010010
0001855781,,0001193125-24-004143
0001856485,1346,
0001856608,1450,
0001857086,,0001493152-24-005145
0001857154,1168,
0001857816,,0001193125-22-200159
0001858257,1451,
0001858258,,0001137439-22-000649
0001858681,,0001193125-23-210952;0001193125-23-219139
0001859007,,0001493152-22-035258
0001859199,,0001013762-23-004614
0001859686,,0001104659-23-025331
0001860412,,0001193125-23-072744;0001193125-24-162593
0001860413,,0001193125-23-072744;0001193125-24-162593
0001860414,,0001193125-23-072744;0001193125-24-162593
0001860434,,0001193125-22-151779;0001193125-22-183904;0001193125-22-233944;0001193125-22-251439;0001193125-22-284062;0001193125-22-311270;0001193125-23-091923;0001193125-23-110826;0001193125-23-234403;0001193125-23-273121;0001193125-24-100162;0001193125-24-174837
0001860571,,0001104659-24-066968
0001860580,,0001104659-24-066968
0001860742,765,
0001860788,,0000930413-24-001929
0001860871,,0001493152-24-006751;0001493152-24-006756
0001861063,,0001213900-22-045559
0001861121,,0001213900-23-047628
0001861622,,0001493152-23-028481
0001861649,,0001104659-24-066968
0001861661,,0001104659-24-066968
0001861662,,0001104659-24-066968
0001861737,,0001104659-23-009695
0001861785,,0001903596-22-000254
0001861795,1136,
0001861974,,0001104659-22-128397
0001862005,,0001104659-23-031804;0001104659-24-031066
0001862044,,0001104659-23-124636
0001862463,,0001193125-23-130008
0001863105,1030,
0001863218,,0001213900-23-024257
0001864163,,0001104659-22-070491
0001864776,,0001213900-24-012674
0001865127,,0001213900-23-009295
0001865506,,0001213900-24-024166
0001865782,,0001193125-24-015961
0001866001,,0001104659-24-004709
0001866550,788,
0001866816,,0001493152-23-041322
0001867072,1177,
0001867956,,0001683168-22-006852
0001868159,,0001193125-24-184251
0001868275,294,
0001868279,,0001104659-24-005880
0001868395,,0001213900-24-005658
0001868640,,0001193125-23-242523
0001868726,466,
0001869105,,0001213900-24-011457
0001869141,,0001213900-23-009793
0001869198,1085,
0001869601,,0001193125-22-150761
0001869673,,0001193125-23-057940
0001869699,,0001193125-24-002254
0001869974,,0001493152-23-005096
0001869991,,0000051931-22-000660;0000051931-23-000718
0001870102,,0000051931-22-000662;0000051931-23-000722
0001870116,,0000051931-22-000658;0000051931-23-000714
0001870117,,0000051931-22-000990;0000051931-23-000263;0000051931-23-000743;0000051931-24-000308;0000051931-24-000571
0001870128,,0000051931-22-000656;0000051931-23-000710
0001870130,,0000051931-22-000664;0000051931-23-000726
0001870404,,0001213900-24-014197
0001872066,,0001520138-24-000176
0001872302,,0001193125-22-176993
0001872789,1358,
0001873093,,0001493152-23-009686
0001873280,,0000894189-23-004086;0000894189-23-007392
0001873723,,0001213900-24-025911
0001874074,,0001104659-23-000900
0001874138,,0001599916-22-000236
0001874178,231,
0001875496,,0001213900-23-022264
0001876431,,0001104659-22-061819
0001876716,,0001104659-22-054398
0001876766,,0001213900-22-054447
0001877322,1150,
0001877333,,0001104659-22-103758
0001877493,,0001999371-24-002546
0001877939,,0001575872-22-000931
0001878313,,0000950123-22-007443
0001879016,,0001104659-22-074681
0001879238,,0001104659-22-064536;0001104659-22-074875;0001829126-22-016811;0001829126-23-006111;0001829126-24-000323;0001829126-24-001379
0001879293,,0001493152-23-010365
0001879373,,0001493152-24-010687
0001879403,,0001575872-23-000033
0001879717,,0001213900-24-035966
0001879754,,0001104659-24-076155
0001879848,,0001104659-22-068847
0001879851,,0001493152-23-009045
0001880319,1294,
0001880431,,0001213900-24-013719
0001880661,,0001193125-24-057921
0001880995,,0001839882-22-023019
0001881472,,0001213900-22-044589
0001881487,,0001193125-22-146181;0001193125-22-274750
0001881551,,0001213900-24-011711
0001882198,,0001213900-23-057581
0001882607,,0001062993-22-019904
0001882879,,0001193125-23-121700
0001883085,,0001140361-22-023836
0001883313,,0001193125-23-177232
0001883685,,0001104659-22-056134
0001883788,,0001493152-24-007083
0001883984,,0001104659-23-128865
0001884021,,0001387131-23-004690;0001387131-23-007750;0001387131-23-011774;0001999371-24-007000
0001884046,,0001104659-23-105309
0001884072,,0001199835-22-000645
0001884082,,0001193125-22-179037
0001885408,,0001213900-22-051058
0001885522,,0001193125-23-234448
0001885827,,0001213900-22-036073
0001886172,,0001193125-23-084885;0001193125-24-017731
0001886362,,0001213900-22-042351
0001886799,,0001493152-22-013214
0001886894,,0001104659-22-116351
0001887673,,0001213900-22-055087
0001887944,,0001193125-23-276216
0001888151,,0001493152-22-015173
0001888525,,0001213900-24-024628
0001888886,,0001104659-23-007953
0001888980,,0001104659-23-102798
0001888997,,0001104659-22-061330
0001889106,,0001493152-22-036818
0001889112,,0001193125-22-141198
0001889539,,0001140361-22-033124
0001889658,,0001193125-24-153016
0001889823,,0001062993-22-023416
0001889956,,0000950170-24-085846
0001889983,,0001213900-23-058791
0001891791,,0001829126-22-015459
0001891856,,0001193125-23-173364
0001891944,,0001013762-23-001453
0001892274,,0001683168-22-003341
0001892292,,0001213900-23-048975
0001892480,,0001477932-22-006480
0001892500,,0001213900-22-070543
0001892922,,0001104659-23-017668
0001893311,,0001104659-22-087838;0001829126-23-006777
0001893448,,0001493152-23-012117
0001894210,,0001213900-22-059954
0001894370,,0001213900-22-046233
0001894562,,0001628280-22-026508
0001894693,,0001213900-22-025088
0001894951,,0001213900-22-024308
0001895144,,0001829126-23-003032
0001895249,,0001104659-22-058214;0001104659-24-080823
0001895262,,0001193125-22-254859;0001628280-23-023447
0001895597,,0001193125-22-241268
0001895618,,0001213900-23-010306
0001896049,,0001193125-22-210801
0001896670,,0001193125-22-253667
0001897087,,0001213900-24-032156
0001897463,,0001104659-24-074651
0001897532,,0001213900-24-057003
0001897971,,0001104659-23-116874
0001897982,,0001140361-22-019477
0001898391,,0001193125-24-088074
0001898416,,0001193125-22-172938
0001898474,,0001213900-23-085281
0001898496,,0001104659-22-081954;0001104659-22-083743
0001898604,,0001493152-22-025275
0001898643,,0001213900-22-033868
0001898766,,0001493152-23-007540
0001898795,,0001193125-22-250747;0001193125-22-255710
0001899005,,0001213900-22-061566
0001899123,,0001104659-23-044314
0001899194,,0001193125-22-151219
0001899287,,0001193125-22-246477
0001899658,,0001493152-23-010213
0001899830,,0001104659-22-111040
0001900304,,0001193125-22-275437
0001900564,,0001104659-22-073937
0001901056,,0001683168-23-003895
0001901203,,0000930413-23-002692
0001901215,,0001213900-22-027734
0001901305,,0001731122-22-001290
0001901336,,0001104659-23-055831
0001901440,,0001628280-24-015751
0001901443,,0001839882-23-009245
0001901799,,0001193125-23-183847
0001902314,,0000950123-22-005195
0001902794,,0001575872-23-000040
0001903145,,0001213900-22-039178
0001903870,,0001493152-22-016250;0001493152-22-016864
0001903995,,0001213900-23-024159
0001904286,,0001493152-23-026064
0001904856,,0001193125-22-261312
0001905660,,0001104659-23-026541
0001905956,,0001575872-22-000738
0001906195,,0001213900-22-025888
0001906324,,0001193125-22-161806
0001907085,,0001104659-23-081194
0001907108,,0001193125-23-268168
0001907685,,0001193125-22-154952
0001907982,,0001193125-22-213335;0001193125-22-217611
0001909152,,0001628280-22-018115;0001628280-22-018407
0001909417,,0001193125-22-270225
0001909799,,0001193125-24-169170
0001910139,,0001104659-22-111295
0001910851,,0001193125-22-177741
0001910950,,0001193125-23-064109
0001911545,,0001213900-23-061163
0001912461,,0001193125-22-179834
0001912582,,0001213900-22-032920;0001213900-24-056731
0001913210,,0001493152-22-020686
0001913510,,0001193125-23-212288
0001913715,,0001493152-22-026855
0001913749,,0001213900-23-081190
0001913971,,0001193125-23-005720
0001914023,,0001213900-22-031838
0001914404,,0001213900-22-053762;0001213900-22-054164
0001914605,,0001193125-22-202816
0001914805,,0001493152-23-008451
0001914818,,0001493152-22-022294
0001915328,,0001104659-23-003408
0001915380,,0001193125-22-253889
0001915403,,0001104659-22-111761
0001915657,478,
0001916241,,0001213900-23-059845
0001916331,,0001213900-24-032835
0001916416,,0001213900-24-018139
0001918661,,0001213900-23-048529
0001919246,,0001753926-24-000312
0001919700,,0001683863-23-003818;0001683863-23-005418;0001683863-23-007997;0001919700-22-000039
0001920406,,0001213900-23-007132
0001921158,,0001213900-24-016919
0001921865,,0001213900-22-070483
0001921963,,0001104659-23-062769
0001922097,,0001193125-22-304476
0001922331,,0001193125-22-243809
0001922335,,0001493152-23-034629
0001922639,,0001493152-22-031342
0001922641,,0001104659-23-010909
0001922858,,0001213900-23-096585;0001493152-22-025339
0001923780,,0001575872-23-001476
0001923840,,0001193125-22-241015
0001923891,,0001493152-24-017913
0001924447,,0001580642-22-004616;0001580642-23-000535
0001924868,,0001387131-22-007706;0001387131-22-010434;0001387131-22-011716;0001387131-23-001449;0001387131-23-004576;0001387131-23-004686;0001387131-23-005012;0001387131-23-005114;0001387131-23-006012;0001387131-23-006518;0001387131-23-007983;0001387131-23-008633;0001387131-23-009788;0001387131-23-009838;0001387131-23-010342;0001387131-23-010602;0001387131-23-011401;0001387131-23-012039;0001839882-22-026441;0001839882-22-026833;0001839882-22-026834;0001839882-22-030440;0001839882-24-010377;0001839882-24-012057;0001999371-23-000534;0001999371-24-000197;0001999371-24-000695;0001999371-24-001483;0001999371-24-002500;0001999371-24-002521;0001999371-24-002865;0001999371-24-002974;0001999371-24-003059;0001999371-24-003090;0001999371-24-003999;0001999371-24-004541;0001999371-24-005034;0001999371-24-005432;0001999371-24-005968;0001999371-24-006415;0001999371-24-006477;0001999371-24-007156;0001999371-24-007450;0001999371-24-007531;0001999371-24-008862;0001999371-24-008926
0001926451,,0001575872-22-000854
0001927719,,0001104659-23-006552;0001104659-23-007531
0001928340,,0001213900-23-024371
0001928446,,0001104659-22-112452;0001193125-22-266376
0001928561,,0001387131-22-010220;0001387131-23-003667;0001387131-23-011736;0001387131-23-011737
0001928581,,0001493152-23-026980
0001928948,,0001213900-22-080377
0001929231,,0001213900-22-070310
0001929561,,0001628280-22-025619
0001929589,,0001193125-22-306069;0001193125-22-311179
0001930021,,0001213900-24-004932;0001493152-23-002615
0001930147,,0001829126-24-004151
0001930179,,0001213900-23-022842
0001930313,,0001493152-22-020979
0001930510,,0001575872-23-000476
0001931691,,0001193125-22-210680
0001931717,,0001213900-24-003845
0001932072,,0001493152-24-010424
0001932231,,0001104659-23-021135
0001932393,,0001193125-22-260650
0001932737,,0001213900-22-071480
0001932770,,0001193125-23-007178
0001932777,,0001493152-22-030105
0001933414,,0001628280-23-002411
0001933567,,0001493152-23-027153
0001933762,,0001829126-24-000369
0001934064,,0001104659-22-124928;0001104659-22-126408
0001934245,,0001493152-23-016452
0001934642,,0001493152-23-025024
0001934850,,0001628280-22-024082;0001628280-23-040365
0001934945,,0001104659-23-037576
0001935172,,0001213900-23-014185
0001935418,,0001753926-23-000982
0001935979,,0001628280-22-022261
0001936157,,0001398344-22-019643;0001398344-23-018686;0001839882-23-028259;0001999371-24-007806
0001936224,,0001213900-23-059554
0001936255,,0001193125-23-070778
0001936258,,0001193125-22-289122;0001193125-22-290157
0001936574,,0001493152-24-011645
0001936702,,0001493152-23-003119
0001936804,,0001493152-23-017911
0001937441,,0001104659-23-028311
0001937653,,0001193125-22-261838;0001193125-22-305909
0001937737,,0001213900-22-083746
0001937891,,0001493152-22-035731
0001937926,,0001193125-22-289957
0001937987,,0001013762-23-002204;0001013762-23-003583
0001937993,,0001213900-23-003079
0001938046,,0001493152-23-003707
0001938109,,0001493152-23-023523
0001938186,,0001193125-23-075691
0001938865,,0001213900-23-023954
0001939365,,0001575872-23-001373
0001939696,,0001213900-23-012575
0001939780,,0001213900-23-025099
0001939965,,0001213900-23-005272
0001940177,,0001213900-23-074553
0001940674,,0001193125-23-063071
0001940941,,0001493152-24-015266
0001941365,,0001193125-22-272559
0001941500,,0001493152-23-009271
0001941536,,0001193125-23-014338;0001193125-23-016927
0001942808,,0001013762-23-004959
0001943289,,0001628280-24-020634
0001943444,,0001575872-24-000297
0001943705,,0001193125-23-228516
0001943802,,0000943374-23-000016
0001943896,,0001193125-24-104851
0001943953,,0001079973-22-001026
0001944013,,0001193125-22-305284
0001944048,,0001628280-23-015056
0001944212,,0001493152-24-007099
0001944285,,0001387131-23-009617;0001387131-23-009618;0001839882-23-012290;0001839882-23-012291;0001839882-23-012293;0001999371-23-000395;0001999371-24-000614
0001944399,,0001193125-23-191047
0001944552,,0001104659-23-088016;0001104659-23-093373
0001944558,,0001193125-22-273038
0001944885,,0001193125-23-082289
0001944902,,0001493152-23-007855
0001945240,,0001493152-23-043963
0001945422,,0001213900-23-022633
0001945619,,0001683168-23-009054
0001945711,,0001104659-23-026549
0001946021,,0001929980-22-000054
0001946216,,0001493152-23-008753
0001946399,,0001104659-23-005236
0001946425,,0001193125-23-046339
0001946563,,0001575872-23-000953
0001946573,,0001493152-24-018974
0001946703,,0001640334-23-001877
0001947244,,0001493152-23-012860
0001947861,,0001213900-24-021302;0001213900-24-023074
0001947904,,0001193125-22-275437
0001948056,,0001140361-23-028794
0001948098,,0001193125-22-275437
0001948099,,0001213900-24-033863
0001948294,,0001493152-23-032251
0001948436,,0001213900-23-099418
0001948443,,0001213900-24-042001
0001948455,,0001213900-23-025124
0001948697,,0001929980-23-000197
0001948884,,0001654954-23-012351
0001949478,,0001683168-23-006440
0001949543,,0001193125-22-314837
0001950246,,0001104659-23-071351
0001950429,,0001213900-23-067870
0001951067,,0001193125-23-163108
0001951089,,0001213900-24-017556
0001951222,,0001193805-23-000744
0001951276,,0000943374-23-000379
0001951294,,0001493152-23-033840
0001951667,,0001104659-23-084190
0001952073,,0001193125-23-040452
0001952853,,0001493152-24-011322
0001952976,,0001628280-23-032722
0001953366,,0001104659-22-127611
0001953487,,0001398344-24-001105
0001953530,,0001193125-23-054545
0001953984,,0001104659-24-037410;0001104659-24-038708
0001954014,,0001213900-23-031587
0001954042,,0001104659-24-057295
0001954269,,0001213900-23-091377
0001954594,,0001213900-24-005918
0001954694,,0001193125-23-076260
0001955104,,0001193125-23-125831
0001955514,,0001493152-24-015656
0001955520,,0001140361-23-011230
0001956055,,0001929980-23-000078
0001956741,,0001213900-24-036028
0001956744,,0001493152-23-026381
0001956827,,0001193125-23-258649
0001956955,,0001683168-24-000916
0001957001,,0001493152-23-041952
0001957132,,0001104659-23-083430
0001957413,,0001493152-23-018870
0001957489,,0001213900-23-068414
0001957538,,0001493152-23-026646
0001957845,,0001193125-23-205048
0001958086,,0001193125-23-130765
0001958140,,0001104659-23-081542
0001958217,,0001213900-23-054293
0001958489,,0001753926-23-000792
0001958777,,0001493152-24-003562
0001959023,,0001213900-22-082588
0001959224,,0001213900-23-064664
0001959348,,0001193125-23-192363
0001959455,,0001140361-23-014724
0001959994,,0001493152-24-010747
0001960208,,0001140361-23-050954
0001960262,,0001903596-23-000932
0001961847,,0001213900-23-092822
0001962481,,0001493152-23-021486
0001962738,,0001104659-23-036789
0001962746,,0001104659-24-026245
0001962833,,0001493152-23-045708
0001962845,,0001193125-23-189385
0001962918,,0001193125-23-132441
0001963088,,0001104659-24-012743;0001104659-24-024588
0001963328,,0001477932-23-000498
0001963439,,0001213900-23-078194
0001963685,,0001213900-23-085755
0001964021,,0001104659-23-094452
0001964333,,0001628280-23-005393
0001964630,,0001104659-23-126822
0001964738,,0001628280-24-005591
0001964789,,0001104659-23-116382
0001964979,,0001193125-23-200346;0001193125-23-205104
0001965040,,0001628280-23-018115
0001965143,,0001193125-23-246560
0001965473,,0001193125-23-233995
0001965671,,0001213900-24-011165
0001966233,,0001104659-24-078100
0001966287,,0001213900-23-077909
0001966494,,0001193125-23-272404
0001966678,,0001493152-24-028299
0001966734,,0001493152-23-039845
0001966750,,0001213900-24-027451
0001967200,,0001104659-23-027752
0001967478,,0001193125-23-277777
0001967621,,0001013762-23-005740
0001967649,,0001628280-23-029559
0001967680,,0001628280-23-027286
0001968487,,0001193125-23-250772
0001968915,,0001628280-23-018828
0001969373,,0001140361-23-031617
0001969401,,0001213900-23-095751
0001969445,,0000051931-23-001010
0001969475,,0001493152-23-044933
0001969489,,0000051931-23-001009
0001969674,,0001398344-23-013437
0001969863,,0001213900-24-005464
0001969995,,0001137439-23-001391;0001206774-24-000556;0001206774-24-000667
0001970509,,0001104659-23-083692
0001970533,,0000051931-23-001008;0000051931-24-000307
0001970622,,0001213900-23-042325
0001970751,,0000894189-23-007394;0000894189-23-007444;0000894189-23-009262;0000894189-24-000233;0000894189-24-001575;0000894189-24-002399
0001971115,,0001493152-24-005009
0001971382,,0001214659-23-006975
0001971532,,0001493152-24-005143
0001971542,,0001493152-24-028354
0001971543,,0001193125-23-253525
0001971601,,0001193125-23-185932
0001971828,,0001493152-24-008607
0001972074,,0001213900-24-027018
0001972459,,0001580642-23-003541;0001580642-23-006767
0001972529,,0001213900-24-041590
0001973056,,0001493152-23-024113
0001973239,,0001193125-23-233489
0001973266,,0001193125-23-233074
0001973368,,0001493152-23-044208
0001973832,,0000950157-23-000992
0001974044,,0001193125-23-255537
0001974138,,0001193125-23-174043
0001974640,,0001104659-23-079646
0001975218,,0001104659-23-080618
0001975940,,0001213900-24-049748
0001976322,,0001829126-23-007692;0001829126-24-002483
0001976443,,0001213900-24-002016
0001976517,,0001398344-23-019825;0001398344-24-000393;0001398344-24-004770;0001398344-24-005032;0001398344-24-009870
0001976695,,0001493152-24-011100
0001976877,,0001976877-23-000039;0001976877-23-000041;0001976877-23-000043;0001976877-23-000045
0001976908,,0001104659-24-059585
0001977102,,0001193125-23-253292
0001977303,,0001140361-24-000579
0001977338,,0001193125-23-171956;0001193125-23-171958;0001193125-23-171960;0001193125-23-171961;0001193125-23-171962;0001193125-23-171964;0001193125-23-171966;0001193125-23-171967;0001193125-23-171969;0001193125-23-171970;0001193125-23-171972;0001193125-23-171973;0001193125-23-171974;0001193125-23-171977;0001193125-23-171978;0001193125-24-056161
0001978057,,0001213900-24-032304
0001978527,,0001493152-23-035744
0001978528,,0001829126-23-006459
0001978867,,0000950103-23-017497
0001978954,,0001193125-24-027897
0001979005,,0001493152-23-043200
0001979330,,0000943374-23-000504
0001979332,,0000943374-23-000413
0001979407,,0001493152-24-028891
0001979484,,0001104659-24-076195
0001980088,,0001013762-23-006348
0001980845,,0001193125-23-266836;0001193125-23-267243
0001980994,,0001437749-24-000853
0001981462,,0001213900-23-097492
0001981519,,0001493152-24-009815
0001981535,,0001493152-24-006221
0001981599,,0001193125-24-097727
0001981627,,0001398344-23-019475
0001981662,,0001213900-24-029928
0001981792,,0001104659-23-090466
0001982518,,0001140361-24-001823
0001983550,,0001013762-23-005975
0001984014,,0001213900-24-063426
0001984060,,0001193125-23-249501
0001984076,,0001493152-24-002274
0001984725,,0001493152-24-014767
0001985062,,0001104659-24-006758
0001985273,,0001213900-24-056898
0001985337,,0001213900-24-034179
0001985487,,0001193125-24-008908
0001985840,,0001999371-23-001232;0001999371-24-003310
0001987240,,0001104659-24-054787
0001988175,,0001477932-23-005997
0001988776,,0001140361-24-014359
0001988894,,0001104659-24-007791
0001989916,,0001839882-23-030775
0001990145,,0001829126-24-002910
0001990354,,0001104659-24-069232
0001990950,,0001213900-24-014415
0001991332,,0001493152-24-029667
0001991792,,0001193125-24-012233
0001991946,,0001213900-24-059676
0001992104,,0001683863-23-008685;0001683863-24-000233;0001683863-24-000810;0001683863-24-001798;0001683863-24-002835;0001683863-24-003201;0001683863-24-003975;0001683863-24-004126
0001992243,,0001992243-24-000003
0001992508,,0001213900-24-056409
0001992818,,0001493152-24-013190
0001992870,,0001137439-24-000043
0001993727,,0001178913-24-000978
0001994702,,0001193125-24-024032
0001995116,,0001213900-24-053121
0001995194,,0001013762-24-001989
0001995306,,0001104659-24-060301
0001995413,,0001213900-23-088542
0001995569,,0001193125-24-176654
0001995574,,0001140361-24-032913
0001995807,,0001193125-24-169595
0001996192,,0001213900-24-054609
0001996810,,0001193125-24-037526
0001997201,,0001213900-24-062539
0001997464,,0001193125-24-097329
0001997652,,0001193125-24-168867
0001997711,,0001493152-24-011415
0001997859,,0001193125-24-168754
0001998043,,0001214659-24-012478
0001998768,,0001213900-24-036887
0001998781,,0001493152-24-010816
0001999001,,0001193125-24-173290
0001999297,,0001213900-24-047364
0001999480,,0001193125-24-019402
0002000046,,0001193125-24-176363
0002000178,,0001193125-24-108711
0002000410,,0001213900-24-056673
0002000638,,0001437749-24-022402
0002000640,,0001013762-24-000861
0002000775,,0001829126-24-001743
0002001184,,0001628280-24-015687
0002002038,,0001829126-24-000674
0002002473,,0001628280-24-024805
0002005951,,0001104659-24-078114
0002006191,,0001193125-24-137354;0001193125-24-137722
0002006291,,0001193125-24-126306
0002007191,,0001140361-24-029566
0002007329,,0001104659-24-059436
0002007596,,0001628280-24-031873
0002007691,,0001104659-24-007325
0002007919,,0001104659-24-051494
0002008359,,0000051931-24-000610
0002008374,,0000051931-24-000611
0002008516,,0000051931-24-000612
0002008517,,0000051931-24-000613
0002009684,,0001628280-24-025079
0002010930,,0001213900-24-051065
0002011286,,0001193125-24-178835
0002011535,,0001680359-24-000173
0002012571,,0001065696-24-000073
0002012593,,0001193125-24-154251
0002012706,,0001628280-24-006349
0002012726,,0000943374-24-000345
0002012807,,0001829126-24-003395
0002012964,,0001013762-24-002647
0002013744,,0001999371-24-008250
0002013745,,0001193125-24-177313
0002014596,,0001104659-24-082053
0002014982,,0001213900-24-059991
0002015034,,0001193125-24-187600
0002015502,,0001213900-24-060628
0002015955,,0001213900-24-053147
0002016072,,0001213900-24-060550
0002016221,,0001104659-24-072011
0002016420,,0001213900-24-049857
0002016429,,0001104659-24-066968
0002017526,,0001140361-24-029451
0002017950,,0001493152-24-026635
0002018846,,0001741773-24-001431
0002019688,,0001193125-24-144050
0002020455,,0001193125-24-181506
0002021516,,0001193125-24-162593
0002021518,,0001193125-24-162593
0002022710,,0001628280-24-025816
0002022900,,0001104659-24-064757;0001104659-24-066144
